filament_id,tier,length_mpc_h,ngal_endpoint1,ngal_endpoint2,richness_sum,redshift_mean,endpoint1_ra,endpoint1_dec,endpoint2_ra,endpoint2_dec,center_ra,center_dec,angular_sep_deg,n_member_galaxies,lum_endpoint1,lum_endpoint2,pass_L_ge_15,pass_z_01_02,pass_ang_sep_05,pass_ngal_ge_15,pass_ngal_ge_10,pass_kids_footprint
84,A_primary,27.14,21,27,48,0.1074,133.1915,-0.0554,135.9737,2.2188,134.5826,1.0817,3.593,90,28.07,45.76,True,True,True,True,True,True
282,A_primary,28.24,20,28,48,0.1101,181.2245,1.2458,179.1271,-0.54,180.1758,0.3529,2.755,70,27.06,39.64,True,True,True,True,True,True
4506,A_primary,16.78,21,25,46,0.1134,197.2202,-1.5608,199.1064,-0.7942,198.1633,-1.1775,2.036,44,28.52,32.93,True,True,True,True,True,True
4764,A_primary,17.63,21,24,45,0.1268,214.7926,0.9793,217.423,1.0332,216.1078,1.0063,2.631,76,45.14,49.46,True,True,True,True,True,True
86,A_primary,31.53,20,22,42,0.1102,187.3913,-0.6525,192.2749,0.6165,189.8331,-0.018,5.046,103,23.01,24.92,True,True,True,True,True,True
7830,A_primary,17.65,19,23,42,0.1162,211.5474,-1.9913,213.3238,-0.528,212.4356,-1.2596,2.301,71,34.03,40.13,True,True,True,True,True,True
2104,A_primary,20.16,18,23,41,0.1209,226.0629,-1.6136,229.22,-1.2776,227.6415,-1.4456,3.174,58,32.01,38.56,True,True,True,True,True,True
2316,A_primary,24.78,16,24,40,0.1212,228.9743,-0.3219,230.841,1.4976,229.9076,0.5878,2.607,116,25.86,41.79,True,True,True,True,True,True
3585,A_primary,17.3,19,20,39,0.1252,231.7591,-0.9673,233.2482,-1.8316,232.5036,-1.3994,1.721,70,26.43,28.32,True,True,True,True,True,True
3158,A_primary,27.71,18,20,38,0.1391,199.8671,0.5881,203.3871,2.4417,201.6271,1.5149,3.977,84,38.15,43.68,True,True,True,True,True,True
1971,A_primary,18.15,15,22,37,0.1048,168.4774,1.9788,166.2858,2.0538,167.3816,2.0163,2.192,50,21.32,29.78,True,True,True,True,True,True
2949,A_primary,29.8,17,20,37,0.1181,218.312,-0.4291,218.2043,1.9075,218.2582,0.7392,2.339,117,22.9,26.75,True,True,True,True,True,True
1688,A_primary,20.65,17,19,36,0.1247,168.711,-0.3481,165.8104,1.2243,167.2607,0.4381,3.299,84,30.94,32.77,True,True,True,True,True,True
4221,A_primary,25.7,16,20,36,0.1027,213.9428,-2.5364,217.1997,0.7872,215.5712,-0.8746,4.653,69,19.36,22.66,True,True,True,True,True,True
4123,A_primary,21.11,16,19,35,0.1092,180.1051,-2.9922,176.2832,-2.9198,178.1941,-2.956,3.818,55,22.2,26.26,True,True,True,True,True,True
1287,A_primary,16.03,15,18,33,0.1147,229.3987,0.5879,230.2253,2.1203,229.812,1.3541,1.741,52,21.28,27.04,True,True,True,True,True,True
3407,A_primary,16.71,15,17,32,0.1122,168.1788,-0.7289,165.8873,0.1923,167.033,-0.2683,2.47,56,19.79,22.21,True,True,True,True,True,True
10190,A_primary,23.58,16,16,32,0.1254,185.2635,-0.7756,183.7312,1.1013,184.4974,0.1628,2.423,64,29.11,29.11,True,True,True,True,True,True
2911,A_primary,20.07,15,16,31,0.1502,220.9608,-1.0362,219.1196,1.255,220.0402,0.1094,2.939,66,39.32,44.1,True,True,True,True,True,True
1890,B_relaxed,20.12,14,18,32,0.1031,166.6518,-1.0828,163.8079,1.4987,165.2298,0.2079,3.841,42,16.67,21.9,True,True,True,False,True,True
949,B_relaxed,18.26,13,17,30,0.1384,218.5021,0.173,220.5493,2.2783,219.5257,1.2256,2.936,57,19.7,26.96,True,True,True,False,True,True
811,B_relaxed,20.18,14,14,28,0.1282,215.6449,-0.9315,213.1361,-0.6027,214.3905,-0.7671,2.53,44,19.88,19.88,True,True,True,False,True,True
5771,B_relaxed,16.14,12,16,28,0.1261,214.658,-2.533,213.8568,-0.5055,214.2574,-1.5193,2.18,36,24.31,29.5,True,True,True,False,True,True
36,B_relaxed,17.61,13,14,27,0.1133,156.6831,-0.6675,155.1052,1.9779,155.8942,0.6552,3.08,47,16.84,17.58,True,True,True,False,True,True
2378,B_relaxed,16.63,12,13,25,0.1146,211.6799,-0.5511,212.2566,1.9664,211.9682,0.7077,2.583,46,18.96,21.77,True,True,True,False,True,True
5180,B_relaxed,16.71,11,14,25,0.1163,228.6372,-2.2636,229.3934,-0.5128,229.0153,-1.3882,1.907,27,19.18,23.04,True,True,True,False,True,True
4091,B_relaxed,17.57,11,13,24,0.1131,228.9067,-1.9957,231.16,-2.4017,230.0333,-2.1987,2.288,40,17.9,21.62,True,True,True,False,True,True
4162,B_relaxed,17.57,11,12,23,0.1479,201.8362,-1.2858,204.1225,-1.8211,202.9793,-1.5535,2.347,41,23.72,25.37,True,True,True,False,True,True
1725,C_allsky,40.65,79,107,186,0.1009,128.5871,16.365,125.9999,19.8898,127.2935,18.1274,4.298,154,103.29,131.3,True,True,True,True,True,False
1262,C_allsky,63.83,71,82,153,0.1031,228.9814,4.1483,227.2134,9.6868,228.0974,6.9176,5.81,173,101.9,117.72,True,True,True,True,True,False
625,C_allsky,42.8,47,58,105,0.1042,152.7113,33.6017,155.7719,37.3636,154.2416,35.4827,4.513,132,65.24,83.26,True,True,True,True,True,False
1827,C_allsky,50.38,42,55,97,0.1194,146.4101,1.9608,144.488,5.3071,145.4491,3.634,3.857,120,72.7,97.64,True,True,True,True,True,False
1583,C_allsky,30.52,46,50,96,0.1117,211.5578,6.5516,214.9428,5.2095,213.2503,5.8805,3.625,99,63.22,67.27,True,True,True,True,True,False
573,C_allsky,36.31,44,51,95,0.1142,126.1788,6.9002,131.061,9.1877,128.6199,8.044,5.348,125,63.71,76.03,True,True,True,True,True,False
2736,C_allsky,27.65,37,55,92,0.104,203.8884,61.4853,208.2144,64.05,206.0514,62.7677,3.24,123,58.3,79.49,True,True,True,True,True,False
764,C_allsky,38.81,42,48,90,0.103,246.3994,20.393,244.9444,24.9439,245.6719,22.6685,4.745,100,52.68,61.92,True,True,True,True,True,False
276,C_allsky,48.26,42,45,87,0.1104,240.8112,12.959,240.8146,18.5919,240.8129,15.7755,5.633,123,68.54,71.23,True,True,True,True,True,False
1044,C_allsky,38.17,37,48,85,0.1072,170.2786,56.5449,178.6611,60.536,174.4699,58.5404,5.922,95,58.13,71.53,True,True,True,True,True,False
1671,C_allsky,36.81,38,47,85,0.1185,153.4306,9.1459,157.5133,12.5285,155.472,10.8372,5.246,107,67.61,79.39,True,True,True,True,True,False
1868,C_allsky,30.2,38,46,84,0.1139,192.4703,18.8563,187.4697,19.2064,189.97,19.0313,4.74,97,71.82,83.75,True,True,True,True,True,False
807,C_allsky,61.8,39,42,81,0.1138,215.181,27.6799,206.3777,32.5229,210.7793,30.1014,9.025,153,67.13,74.78,True,True,True,True,True,False
7463,C_allsky,16.11,27,54,81,0.1168,202.1994,57.2837,200.2453,57.4594,201.2224,57.3716,1.068,122,39.81,76.16,True,True,True,True,True,False
2785,C_allsky,17.14,34,44,78,0.1011,130.8122,40.8735,127.5461,40.2039,129.1791,40.5387,2.571,89,49.83,62.3,True,True,True,True,True,False
5201,C_allsky,15.06,35,43,78,0.1083,183.8078,30.1585,182.2354,32.0346,183.0216,31.0966,2.309,85,47.13,56.5,True,True,True,True,True,False
816,C_allsky,40.36,35,42,77,0.1123,135.1123,22.7763,130.1162,25.9636,132.6142,24.3699,5.556,120,55.72,65.99,True,True,True,True,True,False
819,C_allsky,27.67,34,43,77,0.1105,168.4693,30.0388,164.5585,31.5802,166.5139,30.8095,3.696,100,51.71,62.8,True,True,True,True,True,False
4586,C_allsky,25.69,31,46,77,0.1057,236.1204,5.2391,236.0622,6.0099,236.0913,5.6245,0.773,81,54.0,72.44,True,True,True,True,True,False
2083,C_allsky,54.11,34,40,74,0.1289,159.2277,43.6757,156.5423,48.2958,157.885,45.9858,4.983,128,71.11,83.11,True,True,True,True,True,False
753,C_allsky,40.13,34,39,73,0.1137,200.5071,5.9254,194.2984,4.0196,197.4027,4.9725,6.472,119,54.89,60.65,True,True,True,True,True,False
974,C_allsky,19.61,29,42,71,0.1064,217.1457,56.5057,217.7396,58.6574,217.4426,57.5816,2.175,65,43.95,60.8,True,True,True,True,True,False
1149,C_allsky,45.28,32,39,71,0.122,210.9623,43.4174,209.2664,45.0375,210.1144,44.2274,2.025,111,50.41,63.34,True,True,True,True,True,False
52,C_allsky,36.2,32,38,70,0.1043,175.081,16.4287,171.0279,18.8974,173.0544,17.663,4.584,83,44.65,54.33,True,True,True,True,True,False
2978,C_allsky,22.32,30,40,70,0.1164,130.3287,17.1178,129.9445,18.8608,130.1366,17.9893,1.781,91,47.82,70.23,True,True,True,True,True,False
469,C_allsky,53.88,32,37,69,0.1283,226.8014,34.4151,225.9963,38.0843,226.3989,36.2497,3.726,127,47.45,54.49,True,True,True,True,True,False
1438,C_allsky,18.4,33,36,69,0.1185,223.0962,16.4766,223.2316,18.7565,223.1639,17.6166,2.284,54,54.1,57.01,True,True,True,True,True,False
2279,C_allsky,37.15,32,36,68,0.1235,129.9514,19.7919,124.6298,20.5158,127.2906,20.1538,5.048,74,65.35,70.91,True,True,True,True,True,False
2664,C_allsky,24.62,29,39,68,0.1004,154.1954,8.6455,157.0362,11.5276,155.6158,10.0866,4.016,68,32.6,47.38,True,True,True,True,True,False
3587,C_allsky,39.69,32,36,68,0.1001,155.1288,25.2499,152.1828,29.3603,153.6558,27.3051,4.873,94,39.29,42.56,True,True,True,True,True,False
4592,C_allsky,30.26,31,36,67,0.1046,243.0413,16.4329,244.3574,19.6052,243.6994,18.0191,3.41,65,44.38,50.1,True,True,True,True,True,False
1199,C_allsky,37.26,25,41,66,0.1124,219.8665,19.0106,215.4235,20.7474,217.645,19.879,4.525,88,30.41,64.07,True,True,True,True,True,False
1566,C_allsky,34.66,31,35,66,0.1203,185.9037,7.0646,183.8946,5.2922,184.8991,6.1784,2.67,127,52.68,57.28,True,True,True,True,True,False
2431,C_allsky,26.83,29,37,66,0.1148,233.7391,32.6541,238.6257,33.8451,236.1824,33.2496,4.257,64,52.93,66.61,True,True,True,True,True,False
856,C_allsky,25.63,30,35,65,0.1012,136.0412,18.712,135.3543,19.8588,135.6978,19.2854,1.317,66,44.75,49.84,True,True,True,True,True,False
1004,C_allsky,22.19,30,34,64,0.1186,121.7283,52.0767,124.2604,55.5947,122.9943,53.8357,3.822,115,52.15,58.5,True,True,True,True,True,False
2066,C_allsky,31.21,30,33,63,0.121,170.693,30.5913,166.0525,33.3535,168.3727,31.9724,4.809,86,47.4,53.42,True,True,True,True,True,False
2424,C_allsky,19.11,27,36,63,0.1122,159.0012,18.7522,156.4292,21.3789,157.7152,20.0655,3.569,58,44.75,61.26,True,True,True,True,True,False
1535,C_allsky,34.51,30,32,62,0.1165,223.0269,6.4494,226.7074,7.6424,224.8671,7.0459,3.843,108,48.92,50.91,True,True,True,True,True,False
3571,C_allsky,27.82,28,34,62,0.1054,162.5852,37.8232,157.1262,37.9134,159.8557,37.8683,4.31,55,45.47,55.89,True,True,True,True,True,False
395,C_allsky,27.29,28,33,61,0.1332,235.5107,15.2761,238.6366,16.0444,237.0736,15.6603,3.106,88,55.35,67.25,True,True,True,True,True,False
677,C_allsky,27.73,26,35,61,0.1031,175.4667,5.3348,175.3742,8.7584,175.4205,7.0466,3.425,44,32.68,39.99,True,True,True,True,True,False
800,C_allsky,31.74,29,32,61,0.1062,222.9883,27.3475,226.2838,29.8185,224.6361,28.583,3.805,74,39.95,43.77,True,True,True,True,True,False
3117,C_allsky,25.82,28,33,61,0.1085,155.3225,5.7155,154.4257,3.236,154.8741,4.4757,2.636,50,43.0,51.71,True,True,True,True,True,False
6391,C_allsky,20.26,27,34,61,0.115,174.3592,66.8138,179.5493,67.8478,176.9543,67.3308,2.252,77,50.28,61.31,True,True,True,True,True,False
5792,C_allsky,15.18,29,31,60,0.1065,122.4533,17.2388,119.4254,18.4757,120.9394,17.8573,3.136,71,44.1,46.34,True,True,True,True,True,False
645,C_allsky,35.3,28,31,59,0.1404,206.0649,24.2719,209.434,26.9264,207.7494,25.5991,4.035,108,66.37,71.16,True,True,True,True,True,False
722,C_allsky,26.13,27,31,58,0.1257,142.5921,30.5291,138.5996,30.161,140.5959,30.3451,3.465,81,39.21,43.73,True,True,True,True,True,False
1295,C_allsky,20.24,25,33,58,0.1137,228.4343,28.0516,231.0246,29.5679,229.7294,28.8097,2.73,49,34.96,46.12,True,True,True,True,True,False
2856,C_allsky,22.3,28,30,58,0.1079,207.4117,37.9475,209.6536,40.3785,208.5326,39.163,2.989,91,45.15,46.91,True,True,True,True,True,False
1027,C_allsky,24.51,26,31,57,0.1044,189.7515,21.0684,189.2502,24.8207,189.5008,22.9446,3.781,80,38.04,45.1,True,True,True,True,True,False
1267,C_allsky,29.64,24,33,57,0.1458,159.5449,39.5363,154.403,39.1879,156.9739,39.3621,3.991,91,62.87,89.81,True,True,True,True,True,False
1838,C_allsky,24.18,28,29,57,0.1222,143.2496,61.2198,141.9806,63.1517,142.6151,62.1857,2.021,67,42.64,44.03,True,True,True,True,True,False
3309,C_allsky,27.29,25,32,57,0.1233,144.7857,60.4133,146.5343,63.8349,145.66,62.1241,3.518,64,40.58,50.09,True,True,True,True,True,False
3427,C_allsky,20.67,27,30,57,0.1062,203.8276,-3.3044,205.8557,-2.2158,204.8416,-2.7601,2.3,63,38.0,41.09,True,True,True,True,True,False
5327,C_allsky,18.7,25,32,57,0.1111,229.4592,2.6364,228.3407,4.4129,228.8999,3.5246,2.098,73,46.75,54.24,True,True,True,True,True,False
5387,C_allsky,24.8,24,33,57,0.1116,178.1801,27.015,180.6747,24.7948,179.4274,25.9049,3.157,82,39.37,52.8,True,True,True,True,True,False
263,C_allsky,32.75,27,29,56,0.1352,145.2353,8.5121,148.6969,9.6904,146.9661,9.1012,3.615,86,49.58,55.32,True,True,True,True,True,False
983,C_allsky,16.63,20,36,56,0.1103,155.4347,8.8817,156.9225,10.7421,156.1786,9.8119,2.369,64,37.0,60.78,True,True,True,True,True,False
1099,C_allsky,35.74,27,29,56,0.1117,187.8541,45.1569,184.0572,43.7591,185.9557,44.458,3.049,137,31.65,33.69,True,True,True,True,True,False
1440,C_allsky,27.28,26,30,56,0.1269,232.0372,30.9979,236.2909,33.3828,234.164,32.1904,4.318,104,47.3,53.15,True,True,True,True,True,False
1808,C_allsky,26.86,25,31,56,0.1109,162.4973,7.0331,165.1148,7.7311,163.8061,7.3821,2.688,84,42.4,50.16,True,True,True,True,True,False
3515,C_allsky,23.36,26,30,56,0.1156,232.011,0.3607,231.605,3.2458,231.808,1.8032,2.914,75,49.27,55.58,True,True,True,True,True,False
4803,C_allsky,30.28,28,28,56,0.1098,191.1305,53.9793,196.3738,53.7472,193.7522,53.8633,3.101,88,47.79,47.79,True,True,True,True,True,False
1183,C_allsky,36.65,27,28,55,0.1167,124.4339,50.6855,130.0081,49.5356,127.221,50.1106,3.755,104,49.09,50.26,True,True,True,True,True,False
1730,C_allsky,23.69,24,31,55,0.1186,259.5945,27.5721,258.6131,28.4218,259.1038,27.9969,1.214,77,42.53,52.58,True,True,True,True,True,False
249,C_allsky,33.17,25,29,54,0.111,209.9731,24.4062,211.9196,20.1067,210.9464,22.2565,4.662,100,39.42,45.12,True,True,True,True,True,False
534,C_allsky,29.66,25,29,54,0.1029,238.1419,26.7666,242.3592,26.3123,240.2505,26.5394,3.8,84,28.38,31.53,True,True,True,True,True,False
688,C_allsky,33.46,21,33,54,0.1194,154.9702,17.7429,155.0697,19.2001,155.0199,18.4715,1.46,101,36.14,59.44,True,True,True,True,True,False
1546,C_allsky,25.27,23,31,54,0.1046,175.1266,42.3534,177.0464,46.1089,176.0865,44.2312,4.0,78,30.06,39.54,True,True,True,True,True,False
4021,C_allsky,24.73,26,28,54,0.119,169.163,13.2002,165.6548,13.8221,167.4089,13.5112,3.467,96,38.88,40.68,True,True,True,True,True,False
4170,C_allsky,20.33,25,29,54,0.1353,208.0195,8.6655,208.7455,11.0008,208.3825,9.8331,2.442,63,53.82,61.06,True,True,True,True,True,False
5277,C_allsky,28.35,25,29,54,0.1059,181.1604,26.9728,183.5538,30.7767,182.3571,28.8747,4.343,58,36.67,42.43,True,True,True,True,True,False
5442,C_allsky,26.18,24,30,54,0.136,138.4221,3.4799,139.1405,5.9681,138.7813,4.724,2.589,86,48.35,56.42,True,True,True,True,True,False
958,C_allsky,40.66,24,29,53,0.102,244.1166,51.4406,239.0478,53.2371,241.5822,52.3389,3.58,57,34.08,40.49,True,True,True,True,True,False
1157,C_allsky,23.29,23,30,53,0.1135,216.3873,5.3683,219.5066,5.0583,217.947,5.2133,3.122,64,34.02,43.73,True,True,True,True,True,False
1268,C_allsky,29.76,25,28,53,0.1369,206.0621,2.4948,208.924,4.3577,207.493,3.4263,3.41,55,45.36,49.96,True,True,True,True,True,False
2141,C_allsky,19.78,25,28,53,0.1054,121.724,8.3828,122.2783,9.8506,122.0011,9.1167,1.566,76,40.79,43.4,True,True,True,True,True,False
2482,C_allsky,32.72,24,29,53,0.1294,154.5492,57.1616,157.8075,55.4766,156.1783,56.3191,2.471,95,47.02,58.35,True,True,True,True,True,False
2499,C_allsky,30.61,24,29,53,0.1121,139.6891,31.2136,135.4076,29.6897,137.5484,30.4517,3.993,96,38.23,44.54,True,True,True,True,True,False
4331,C_allsky,24.26,26,27,53,0.1061,188.5915,55.4792,192.1143,59.195,190.3529,57.3371,4.174,71,34.5,36.04,True,True,True,True,True,False
1147,C_allsky,32.64,25,27,52,0.15,249.1285,19.9688,246.3457,22.7818,247.7371,21.3753,3.825,102,54.19,58.87,True,True,True,True,True,False
1247,C_allsky,18.64,20,32,52,0.1138,231.6201,29.6814,234.8736,29.1931,233.2468,29.4373,2.875,59,28.56,44.31,True,True,True,True,True,False
1557,C_allsky,33.09,21,31,52,0.1033,151.5701,3.498,148.3667,2.428,149.9684,2.963,3.373,94,29.97,40.58,True,True,True,True,True,False
2607,C_allsky,22.73,25,27,52,0.1234,217.7643,19.6679,216.0732,21.8569,216.9187,20.7624,2.7,74,51.17,54.5,True,True,True,True,True,False
4251,C_allsky,25.17,24,28,52,0.1061,216.1696,20.9233,218.3788,23.2865,217.2742,22.1049,3.126,66,33.32,37.49,True,True,True,True,True,False
779,C_allsky,25.32,24,27,51,0.1117,185.7451,20.0318,181.9324,22.3247,183.8388,21.1782,4.23,78,41.31,44.68,True,True,True,True,True,False
2477,C_allsky,20.78,25,26,51,0.1146,131.5569,53.455,134.8446,54.8435,133.2008,54.1493,2.374,44,41.37,42.33,True,True,True,True,True,False
3047,C_allsky,30.29,23,28,51,0.1015,147.2027,1.9139,142.3261,3.9487,144.7644,2.9313,5.278,68,34.16,38.21,True,True,True,True,True,False
3945,C_allsky,23.7,23,28,51,0.1025,186.7903,11.4378,186.0513,12.4895,186.4208,11.9636,1.276,45,25.95,37.44,True,True,True,True,True,False
599,C_allsky,28.1,23,27,50,0.1343,154.1194,49.1812,149.6757,50.8221,151.8975,50.0016,3.294,81,55.52,65.81,True,True,True,True,True,False
647,C_allsky,29.21,24,26,50,0.1119,180.7463,3.5003,178.9184,6.0948,179.8324,4.7976,3.17,71,38.32,41.83,True,True,True,True,True,False
694,C_allsky,30.15,23,27,50,0.1076,134.0296,17.7929,131.4165,21.8131,132.7231,19.803,4.712,82,37.07,45.4,True,True,True,True,True,False
1234,C_allsky,24.75,23,27,50,0.1281,145.3488,33.652,142.6045,32.365,143.9766,33.0085,2.637,46,39.2,44.77,True,True,True,True,True,False
1296,C_allsky,43.11,22,28,50,0.1253,157.2714,36.7666,159.0859,41.5912,158.1786,39.1789,5.025,71,42.88,52.38,True,True,True,True,True,False
1796,C_allsky,20.32,23,27,50,0.1116,224.7028,12.7296,226.2175,15.959,225.4601,14.3443,3.547,85,38.86,45.25,True,True,True,True,True,False
2002,C_allsky,23.09,21,29,50,0.1084,180.2776,14.8749,183.2932,15.9322,181.7854,15.4035,3.094,57,29.93,36.92,True,True,True,True,True,False
3222,C_allsky,21.64,21,29,50,0.1063,195.1254,61.7173,192.4088,63.7519,193.7671,62.7346,2.385,87,39.07,47.12,True,True,True,True,True,False
4616,C_allsky,16.59,23,27,50,0.1366,213.6551,13.8482,211.8948,14.2604,212.775,14.0543,1.757,93,33.99,40.1,True,True,True,True,True,False
5158,C_allsky,21.72,24,26,50,0.1215,186.4733,16.405,190.149,17.3093,188.3111,16.8571,3.632,78,40.27,43.1,True,True,True,True,True,False
5670,C_allsky,20.18,22,28,50,0.1068,165.1472,54.5721,169.1455,53.9111,167.1464,54.2416,2.428,56,30.1,35.42,True,True,True,True,True,False
155,C_allsky,25.65,21,28,49,0.1068,168.878,43.0919,169.3716,45.8583,169.1248,44.4751,2.789,62,24.65,34.05,True,True,True,True,True,False
241,C_allsky,34.7,23,26,49,0.1289,167.5174,33.0464,172.6542,34.7589,170.0858,33.9026,4.594,82,55.93,61.34,True,True,True,True,True,False
393,C_allsky,28.8,22,27,49,0.1065,143.6098,8.3159,140.7815,7.9323,142.1957,8.1241,2.826,58,28.02,36.47,True,True,True,True,True,False
468,C_allsky,33.65,23,26,49,0.1386,211.471,22.7452,214.9903,22.1933,213.2307,22.4693,3.299,133,38.43,44.2,True,True,True,True,True,False
707,C_allsky,24.57,18,31,49,0.1026,186.543,64.249,187.6097,64.6496,187.0764,64.4493,0.61,54,27.81,47.39,True,True,True,True,True,False
782,C_allsky,33.61,23,26,49,0.128,221.9696,50.198,219.5158,54.6175,220.7427,52.4077,4.666,119,41.57,45.14,True,True,True,True,True,False
863,C_allsky,24.65,24,25,49,0.1349,180.3276,4.2608,183.0106,3.7665,181.6691,4.0136,2.722,61,57.92,60.57,True,True,True,True,True,False
1339,C_allsky,24.77,22,27,49,0.1006,115.5008,39.0856,111.6191,41.7744,113.56,40.43,3.995,84,29.63,38.29,True,True,True,True,True,False
2040,C_allsky,26.7,22,27,49,0.1052,229.3184,0.6703,228.3708,2.9062,228.8446,1.7883,2.428,59,32.3,36.51,True,True,True,True,True,False
2126,C_allsky,24.82,22,27,49,0.1074,177.4095,1.7413,176.1969,4.5048,176.8032,3.1231,3.017,45,34.29,40.06,True,True,True,True,True,False
3061,C_allsky,20.1,22,27,49,0.1136,143.2193,32.9824,141.9999,36.0063,142.6096,34.4944,3.187,73,48.18,58.28,True,True,True,True,True,False
3294,C_allsky,29.68,23,26,49,0.1174,220.5614,23.8899,222.3736,26.3554,221.4675,25.1226,2.962,61,31.63,34.86,True,True,True,True,True,False
3530,C_allsky,21.83,23,26,49,0.1436,138.5164,3.1764,138.6675,5.5693,138.5919,4.3729,2.398,70,57.06,66.31,True,True,True,True,True,False
5669,C_allsky,21.66,22,27,49,0.127,223.1343,28.8373,227.0294,27.1107,225.0819,27.974,3.849,124,39.86,48.99,True,True,True,True,True,False
742,C_allsky,19.75,22,26,48,0.1165,205.985,19.8428,205.4253,21.7122,205.7051,20.7775,1.941,84,40.53,44.94,True,True,True,True,True,False
1904,C_allsky,20.63,19,29,48,0.1093,186.1496,63.2702,180.5644,64.9224,183.357,64.0963,2.947,69,25.57,43.87,True,True,True,True,True,False
2226,C_allsky,26.07,23,25,48,0.1134,130.4695,22.5426,128.7921,26.6427,129.6308,24.5927,4.375,96,36.17,37.8,True,True,True,True,True,False
2458,C_allsky,28.25,23,25,48,0.1481,152.1283,13.5387,155.1356,14.2605,153.6319,13.8996,3.007,81,46.08,48.79,True,True,True,True,True,False
3129,C_allsky,29.27,23,25,48,0.1081,212.2327,48.4297,209.1999,52.7909,210.7163,50.6103,4.767,79,39.76,42.0,True,True,True,True,True,False
3250,C_allsky,18.19,22,26,48,0.1001,207.5562,12.7507,209.7782,14.3148,208.6672,13.5327,2.667,92,30.04,33.66,True,True,True,True,True,False
268,C_allsky,28.61,20,27,47,0.1116,227.8775,31.9691,227.4724,34.7258,227.675,33.3474,2.777,112,28.12,41.65,True,True,True,True,True,False
844,C_allsky,23.68,23,24,47,0.106,154.3233,1.9579,157.5658,3.9347,155.9445,2.9463,3.794,85,25.12,26.98,True,True,True,True,True,False
1114,C_allsky,27.08,22,25,47,0.1042,147.6772,20.0567,144.1987,22.2926,145.938,21.1746,3.94,61,31.82,34.53,True,True,True,True,True,False
1313,C_allsky,33.75,23,24,47,0.1195,223.0268,25.2363,223.6873,28.318,223.3571,26.7771,3.138,70,35.83,37.02,True,True,True,True,True,False
1829,C_allsky,22.66,21,26,47,0.1211,192.333,51.523,196.4551,52.2099,194.394,51.8665,2.636,57,35.21,42.61,True,True,True,True,True,False
2363,C_allsky,27.11,21,26,47,0.1032,192.8591,0.4403,193.1133,2.8923,192.9862,1.6663,2.465,73,29.97,36.15,True,True,True,True,True,False
3325,C_allsky,18.59,20,27,47,0.1134,202.2332,0.3903,201.7958,3.8234,202.0145,2.1069,3.461,71,29.54,40.67,True,True,True,True,True,False
3683,C_allsky,19.55,22,25,47,0.1047,231.4462,29.7837,234.0184,31.428,232.7323,30.6058,2.758,45,34.29,38.11,True,True,True,True,True,False
5600,C_allsky,22.08,21,26,47,0.1105,188.0227,56.0996,183.3396,58.1001,185.6812,57.0998,3.236,73,37.64,45.19,True,True,True,True,True,False
5694,C_allsky,18.56,22,25,47,0.1011,208.211,7.4562,209.9185,8.2154,209.0648,7.8358,1.854,53,27.61,31.31,True,True,True,True,True,False
7774,C_allsky,16.66,20,27,47,0.1053,222.3278,54.46,217.7803,56.5791,220.0541,55.5195,3.334,86,28.52,38.58,True,True,True,True,True,False
180,C_allsky,30.17,22,24,46,0.1017,185.8631,4.3614,182.996,6.6296,184.4296,5.4955,3.646,81,26.25,28.12,True,True,True,True,True,False
359,C_allsky,25.1,19,27,46,0.1114,127.8234,18.2189,126.3399,20.856,127.0817,19.5375,2.985,51,29.29,41.92,True,True,True,True,True,False
1973,C_allsky,24.15,22,24,46,0.111,221.6647,14.5758,223.2953,14.7688,222.48,14.6723,1.589,54,34.46,38.25,True,True,True,True,True,False
3337,C_allsky,16.2,19,27,46,0.1042,189.8274,65.6757,188.2094,67.2412,189.0184,66.4584,1.694,59,29.57,36.91,True,True,True,True,True,False
3800,C_allsky,22.59,21,25,46,0.116,231.8486,30.3902,234.6147,32.31,233.2317,31.3501,3.044,55,35.79,40.5,True,True,True,True,True,False
4996,C_allsky,15.67,18,28,46,0.117,120.3976,19.9491,117.7606,19.6871,119.0791,19.8181,2.495,92,27.81,40.95,True,True,True,True,True,False
298,C_allsky,26.72,22,23,45,0.1187,162.8318,38.8573,157.9757,39.6475,160.4038,39.2524,3.843,79,41.07,43.98,True,True,True,True,True,False
2969,C_allsky,19.15,20,25,45,0.12,143.2267,32.2926,139.8961,31.1829,141.5614,31.7377,3.042,79,43.61,49.56,True,True,True,True,True,False
3299,C_allsky,17.08,19,26,45,0.1263,116.7071,32.6873,115.6282,34.652,116.1676,33.6696,2.16,66,36.18,51.68,True,True,True,True,True,False
3324,C_allsky,21.22,21,24,45,0.111,151.3908,17.7949,153.4849,18.7996,152.4378,18.2972,2.228,63,32.67,37.77,True,True,True,True,True,False
3824,C_allsky,29.74,21,24,45,0.1008,137.0739,56.5129,135.5767,59.954,136.3253,58.2335,3.53,53,27.45,32.89,True,True,True,True,True,False
3880,C_allsky,19.89,20,25,45,0.1294,162.5847,40.7418,164.8786,41.5194,163.7317,41.1306,1.895,102,45.07,53.81,True,True,True,True,True,False
7922,C_allsky,15.58,20,25,45,0.1114,186.4387,64.0175,192.9076,63.51,189.6732,63.7638,2.904,55,32.25,39.6,True,True,True,True,True,False
479,C_allsky,29.62,20,24,44,0.1234,222.4743,5.3839,219.4303,6.1202,220.9523,5.752,3.117,80,28.71,38.46,True,True,True,True,True,False
2360,C_allsky,20.31,20,24,44,0.117,213.0374,6.4964,211.8969,8.657,212.4671,7.5767,2.438,54,37.24,43.06,True,True,True,True,True,False
3169,C_allsky,15.2,20,24,44,0.1182,227.8917,15.9513,226.301,17.4179,227.0964,16.6846,2.115,72,38.85,48.06,True,True,True,True,True,False
3852,C_allsky,24.65,18,26,44,0.1258,153.6004,33.599,156.9827,35.1073,155.2915,34.3532,3.174,62,35.68,48.8,True,True,True,True,True,False
4626,C_allsky,27.58,20,24,44,0.1263,145.1218,6.3544,143.2446,8.447,144.1832,7.4007,2.801,78,32.39,39.4,True,True,True,True,True,False
111,C_allsky,30.98,20,23,43,0.1029,162.7009,52.0494,167.8724,52.7399,165.2866,52.3947,3.23,53,28.52,31.96,True,True,True,True,True,False
193,C_allsky,29.24,20,23,43,0.1267,219.3414,48.2348,217.3233,49.9807,218.3324,49.1077,2.189,103,51.81,57.31,True,True,True,True,True,False
801,C_allsky,23.73,19,24,43,0.1071,230.8892,29.9591,233.8719,31.9617,232.3805,30.9604,3.248,52,28.3,35.27,True,True,True,True,True,False
992,C_allsky,28.1,21,22,43,0.1289,164.3507,11.4174,166.8604,13.0035,165.6056,12.2104,2.921,66,32.72,33.9,True,True,True,True,True,False
1841,C_allsky,27.15,20,23,43,0.1523,200.3655,15.3713,202.069,13.4814,201.2173,14.4263,2.509,65,48.62,59.26,True,True,True,True,True,False
1845,C_allsky,28.89,20,23,43,0.114,136.6232,35.4458,138.7428,36.9561,137.683,36.201,2.282,55,29.87,35.36,True,True,True,True,True,False
2522,C_allsky,16.69,21,22,43,0.1288,240.3114,-0.4819,242.0018,-0.4363,241.1566,-0.4591,1.691,76,41.54,44.29,True,True,True,True,True,False
5296,C_allsky,16.83,17,26,43,0.1085,218.2791,59.659,218.2444,61.8234,218.2618,60.7412,2.165,59,23.41,34.22,True,True,True,True,True,False
5428,C_allsky,30.63,21,22,43,0.1084,166.7021,26.7317,162.1743,29.1623,164.4382,27.947,4.68,71,42.45,46.05,True,True,True,True,True,False
5513,C_allsky,19.57,19,24,43,0.1124,199.2176,20.397,203.1391,19.9864,201.1784,20.1917,3.703,104,25.82,31.6,True,True,True,True,True,False
87,C_allsky,30.76,20,22,42,0.1196,184.2813,23.2043,186.4317,25.6418,185.3565,24.423,3.127,66,32.5,35.34,True,True,True,True,True,False
127,C_allsky,33.27,19,23,42,0.1062,158.72,38.9556,161.9772,41.1185,160.3486,40.037,3.301,59,27.22,32.82,True,True,True,True,True,False
653,C_allsky,25.47,17,25,42,0.1307,240.8106,32.4625,238.9053,33.0651,239.858,32.7638,1.712,63,28.84,43.56,True,True,True,True,True,False
788,C_allsky,25.44,19,23,42,0.1136,152.6095,18.6924,150.0574,17.4506,151.3335,18.0715,2.726,64,30.12,35.29,True,True,True,True,True,False
873,C_allsky,20.74,20,22,42,0.1039,170.2104,20.2483,166.7205,20.3139,168.4654,20.2811,3.274,50,32.0,36.2,True,True,True,True,True,False
1347,C_allsky,27.68,19,23,42,0.1517,225.832,17.0377,225.4622,20.4447,225.6471,18.7412,3.425,85,42.23,49.63,True,True,True,True,True,False
1456,C_allsky,23.32,19,23,42,0.1189,162.9109,39.0973,164.5763,41.1013,163.7436,40.0993,2.375,55,31.12,37.93,True,True,True,True,True,False
1531,C_allsky,21.25,20,22,42,0.1091,171.8127,20.3751,172.1302,21.6547,171.9715,21.0149,1.313,62,24.86,27.78,True,True,True,True,True,False
1611,C_allsky,18.61,20,22,42,0.1075,220.9336,29.926,222.5275,31.5532,221.7306,30.7396,2.127,51,32.42,35.49,True,True,True,True,True,False
1696,C_allsky,19.79,20,22,42,0.1031,173.2322,45.9462,175.4113,48.4644,174.3218,47.2053,2.921,55,25.37,27.44,True,True,True,True,True,False
1760,C_allsky,17.63,20,22,42,0.1137,119.2903,35.3705,116.8205,37.7071,118.0554,36.5388,3.066,54,34.92,37.48,True,True,True,True,True,False
1842,C_allsky,26.75,20,22,42,0.1352,172.4769,20.3873,174.0787,21.8168,173.2778,21.1021,2.068,70,44.17,46.81,True,True,True,True,True,False
1927,C_allsky,31.36,21,21,42,0.1315,235.0439,12.5994,237.7079,15.3343,236.3759,13.9669,3.763,52,33.55,33.55,True,True,True,True,True,False
1947,C_allsky,19.65,20,22,42,0.1018,195.1458,55.2275,198.3417,56.6176,196.7437,55.9225,2.267,59,23.75,26.0,True,True,True,True,True,False
2128,C_allsky,26.1,17,25,42,0.1023,245.3161,16.1048,246.067,21.6616,245.6915,18.8832,5.602,69,22.01,33.48,True,True,True,True,True,False
2199,C_allsky,22.08,19,23,42,0.1444,143.0852,40.9785,139.7608,41.339,141.423,41.1587,2.529,91,39.87,47.67,True,True,True,True,True,False
2557,C_allsky,31.2,19,23,42,0.1342,247.6063,25.5627,250.648,28.0417,249.1272,26.8022,3.677,85,42.47,50.12,True,True,True,True,True,False
2592,C_allsky,25.13,20,22,42,0.1265,230.7688,24.9128,230.2864,28.8492,230.5276,26.881,3.96,75,53.32,58.15,True,True,True,True,True,False
2957,C_allsky,23.61,20,22,42,0.1015,192.6369,54.5359,188.4512,56.6501,190.5441,55.593,3.172,67,23.83,27.21,True,True,True,True,True,False
3237,C_allsky,30.2,20,22,42,0.1352,214.406,43.8006,214.1994,47.3694,214.3027,45.585,3.572,109,39.12,42.44,True,True,True,True,True,False
6583,C_allsky,18.09,19,23,42,0.1164,207.0066,6.5346,209.589,8.3364,208.2978,7.4355,3.131,64,31.43,35.91,True,True,True,True,True,False
77,C_allsky,26.11,20,21,41,0.1218,158.8833,33.7812,159.0952,37.3546,158.9893,35.5679,3.578,81,34.78,35.66,True,True,True,True,True,False
259,C_allsky,20.7,19,22,41,0.1145,246.7585,27.0238,243.4794,29.0653,245.119,28.0445,3.542,60,25.5,32.98,True,True,True,True,True,False
628,C_allsky,22.76,19,22,41,0.1379,189.4342,-3.3458,189.4809,-0.3198,189.4575,-1.8328,3.026,91,35.05,40.26,True,True,True,True,True,False
724,C_allsky,27.59,19,22,41,0.113,243.6439,15.7737,246.1921,18.8826,244.918,17.3282,3.947,110,26.95,31.25,True,True,True,True,True,False
1153,C_allsky,28.12,17,24,41,0.1059,221.0253,51.9828,215.9734,56.2689,218.4994,54.1258,5.209,69,28.31,39.65,True,True,True,True,True,False
1457,C_allsky,29.07,19,22,41,0.1241,209.0301,45.0606,208.3537,48.8786,208.6919,46.9696,3.846,62,29.16,37.43,True,True,True,True,True,False
1476,C_allsky,22.73,20,21,41,0.1409,214.4347,61.2195,216.7313,64.1672,215.583,62.6934,3.13,78,41.19,42.39,True,True,True,True,True,False
1627,C_allsky,24.62,19,22,41,0.1446,248.7296,28.5975,245.9234,28.6341,247.3265,28.6158,2.464,97,44.95,50.8,True,True,True,True,True,False
3308,C_allsky,17.06,17,24,41,0.1196,222.8216,22.8056,221.3947,24.8659,222.1081,23.8357,2.439,60,41.73,52.13,True,True,True,True,True,False
300,C_allsky,24.2,19,21,40,0.1181,172.6704,45.3072,175.5347,47.499,174.1026,46.4031,2.95,67,36.67,38.86,True,True,True,True,True,False
369,C_allsky,19.67,18,22,40,0.1009,123.7484,10.8606,123.7645,14.1376,123.7564,12.4991,3.277,59,27.45,31.7,True,True,True,True,True,False
908,C_allsky,22.84,18,22,40,0.107,173.2082,34.1405,170.1826,35.477,171.6954,34.8088,2.821,52,31.01,34.85,True,True,True,True,True,False
947,C_allsky,16.67,20,20,40,0.1029,175.2654,32.3371,173.2593,34.8209,174.2624,33.579,2.994,49,28.78,28.78,True,True,True,True,True,False
997,C_allsky,17.63,17,23,40,0.1171,160.9945,56.4761,161.9682,58.8739,161.4813,57.675,2.454,68,23.52,31.16,True,True,True,True,True,False
1096,C_allsky,27.29,19,21,40,0.1164,128.5294,9.3161,129.1158,11.7752,128.8226,10.5457,2.526,51,28.3,30.22,True,True,True,True,True,False
2728,C_allsky,15.1,18,22,40,0.135,143.2575,7.154,141.4586,8.2884,142.3581,7.7212,2.113,47,31.44,38.44,True,True,True,True,True,False
3441,C_allsky,18.65,17,23,40,0.104,162.3736,20.0195,166.517,19.7803,164.4453,19.8999,3.903,89,29.2,37.06,True,True,True,True,True,False
4076,C_allsky,18.61,16,24,40,0.1192,158.1964,63.2912,155.3492,64.9568,156.7728,64.124,2.078,45,23.99,38.27,True,True,True,True,True,False
4330,C_allsky,22.71,18,22,40,0.1076,146.1276,2.8417,144.0436,4.2709,145.0856,3.5563,2.524,49,26.12,32.41,True,True,True,True,True,False
6431,C_allsky,17.48,18,22,40,0.1216,209.5229,54.9992,210.2708,57.5133,209.8968,56.2562,2.548,77,31.0,38.77,True,True,True,True,True,False
8058,C_allsky,18.69,15,25,40,0.1271,232.4872,26.8589,230.1076,28.9103,231.2974,27.8846,2.938,68,22.76,40.61,True,True,True,True,True,False
8606,C_allsky,17.64,19,21,40,0.107,131.6571,27.1248,132.6614,29.5029,132.1592,28.3138,2.537,69,26.33,29.53,True,True,True,True,True,False
1,C_allsky,24.79,17,22,39,0.1158,204.7303,2.4813,206.7611,4.0057,205.7457,3.2435,2.537,53,24.57,40.07,True,True,True,True,True,False
3342,C_allsky,18.64,17,22,39,0.1192,229.9955,27.5968,229.7868,29.9661,229.8912,28.7815,2.376,49,30.55,37.17,True,True,True,True,True,False
4680,C_allsky,21.64,17,22,39,0.1248,220.4825,3.146,222.1655,2.4124,221.324,2.7792,1.834,81,34.68,42.83,True,True,True,True,True,False
4717,C_allsky,21.59,19,20,39,0.1156,192.7923,46.5281,191.8064,49.4886,192.2993,48.0084,3.033,76,30.67,32.78,True,True,True,True,True,False
6192,C_allsky,18.08,19,20,39,0.1157,182.4482,8.9928,181.4424,11.9518,181.9453,10.4723,3.12,77,28.72,32.85,True,True,True,True,True,False
189,C_allsky,23.34,18,20,38,0.102,236.0296,7.1889,238.6281,9.4458,237.3288,8.3174,3.421,37,28.02,29.46,True,True,True,True,True,False
286,C_allsky,29.77,16,22,38,0.1188,154.09,5.4512,155.3578,6.1872,154.7239,5.8192,1.46,58,25.29,32.68,True,True,True,True,True,False
1032,C_allsky,25.3,18,20,38,0.1173,158.3322,65.6544,151.5899,64.5432,154.961,65.0988,3.049,41,24.37,29.21,True,True,True,True,True,False
1764,C_allsky,18.57,18,20,38,0.1361,242.0392,43.0852,245.6908,42.3376,243.865,42.7114,2.785,51,28.07,34.92,True,True,True,True,True,False
2177,C_allsky,16.61,18,20,38,0.1417,239.7963,15.6708,240.4317,17.9143,240.114,16.7925,2.324,73,41.24,45.43,True,True,True,True,True,False
2671,C_allsky,20.78,15,23,38,0.1007,208.8169,53.7272,203.0156,53.1916,205.9162,53.4594,3.495,67,17.5,28.43,True,True,True,True,True,False
3529,C_allsky,18.54,17,21,38,0.1111,236.7112,29.8862,238.5581,32.6676,237.6346,31.2769,3.198,80,31.19,36.13,True,True,True,True,True,False
3745,C_allsky,23.2,19,19,38,0.1042,225.2924,15.4317,226.4349,18.4028,225.8636,16.9172,3.166,49,24.0,24.0,True,True,True,True,True,False
4353,C_allsky,22.55,19,19,38,0.1008,205.0076,31.6354,199.0089,33.1289,202.0082,32.3821,5.281,49,20.13,20.13,True,True,True,True,True,False
4671,C_allsky,15.1,18,20,38,0.121,194.1118,49.4669,196.0578,51.2596,195.0848,50.3632,2.181,63,33.47,36.12,True,True,True,True,True,False
4749,C_allsky,16.72,19,19,38,0.1281,148.281,6.7026,145.5285,8.1009,146.9047,7.4017,3.067,57,28.96,28.96,True,True,True,True,True,False
6290,C_allsky,23.71,17,21,38,0.1202,126.3654,8.6489,124.7224,8.6291,125.5439,8.639,1.625,60,24.93,33.37,True,True,True,True,True,False
119,C_allsky,30.73,18,19,37,0.107,214.3971,3.8129,215.1801,1.2991,214.7886,2.556,2.633,59,27.44,29.44,True,True,True,True,True,False
181,C_allsky,19.26,18,19,37,0.1355,166.3922,66.2815,169.2711,67.7738,167.8317,67.0277,1.868,34,34.85,37.61,True,True,True,True,True,False
853,C_allsky,20.13,16,21,37,0.1012,246.9829,8.3257,245.2919,9.7692,246.1374,9.0475,2.207,34,19.18,28.56,True,True,True,True,True,False
950,C_allsky,23.12,17,20,37,0.1357,178.1432,27.7965,177.9782,31.4551,178.0607,29.6258,3.661,130,30.59,35.87,True,True,True,True,True,False
1449,C_allsky,25.85,18,19,37,0.1068,223.0699,14.7362,221.3136,18.2769,222.1917,16.5065,3.921,43,27.52,28.55,True,True,True,True,True,False
1831,C_allsky,20.74,18,19,37,0.1513,224.8977,16.0904,227.4904,17.56,226.194,16.8252,2.884,57,51.94,54.84,True,True,True,True,True,False
2583,C_allsky,18.07,17,20,37,0.123,153.1435,0.5907,153.5373,3.1465,153.3404,1.8686,2.586,84,31.45,35.33,True,True,True,True,True,False
2695,C_allsky,23.67,18,19,37,0.1381,178.5194,-3.2487,178.6866,-0.963,178.603,-2.1058,2.292,67,38.42,40.85,True,True,True,True,True,False
2916,C_allsky,25.14,17,20,37,0.1104,227.6121,35.8615,224.7119,37.7359,226.162,36.7987,2.984,52,23.1,26.68,True,True,True,True,True,False
3447,C_allsky,15.63,16,21,37,0.1521,167.9702,5.8129,169.6758,7.4687,168.823,6.6408,2.369,52,45.58,53.95,True,True,True,True,True,False
4565,C_allsky,27.24,17,20,37,0.1049,163.4112,53.4819,158.6629,54.2447,161.0371,53.8633,2.902,64,23.57,27.34,True,True,True,True,True,False
5319,C_allsky,21.09,18,19,37,0.1019,115.8966,30.7618,115.9996,28.3995,115.9481,29.5807,2.364,102,19.42,20.03,True,True,True,True,True,False
5395,C_allsky,16.59,18,19,37,0.1048,238.2511,32.472,239.2037,36.1392,238.7274,34.3056,3.751,76,26.49,27.52,True,True,True,True,True,False
6499,C_allsky,28.74,16,21,37,0.1012,220.937,28.216,224.4458,30.1223,222.6914,29.1692,3.608,70,18.96,26.91,True,True,True,True,True,False
169,C_allsky,19.65,16,20,36,0.1014,181.533,21.6389,178.3263,23.1676,179.9296,22.4032,3.336,84,19.82,25.09,True,True,True,True,True,False
381,C_allsky,25.59,17,19,36,0.1097,163.6932,21.3143,159.5145,23.5198,161.6039,22.417,4.448,58,25.06,27.13,True,True,True,True,True,False
497,C_allsky,24.18,17,19,36,0.1025,157.0937,6.1534,153.2306,7.067,155.1621,6.6102,3.945,51,22.15,27.37,True,True,True,True,True,False
1261,C_allsky,18.27,16,20,36,0.1013,174.806,11.8689,176.056,15.6079,175.431,13.7384,3.931,61,20.93,24.93,True,True,True,True,True,False
1356,C_allsky,19.22,17,19,36,0.1302,175.5971,29.4539,174.6445,31.7954,175.1208,30.6247,2.481,68,37.18,40.4,True,True,True,True,True,False
1689,C_allsky,18.53,17,19,36,0.128,159.991,54.7348,162.6316,55.7945,161.3113,55.2646,1.84,48,40.77,43.62,True,True,True,True,True,False
1930,C_allsky,19.12,17,19,36,0.1221,155.8155,7.2624,156.4216,8.4183,156.1185,7.8404,1.302,64,32.54,41.7,True,True,True,True,True,False
2114,C_allsky,17.05,17,19,36,0.1308,121.0626,45.6865,118.1775,44.5822,119.62,45.1343,2.316,51,31.67,35.54,True,True,True,True,True,False
2243,C_allsky,18.14,16,20,36,0.1011,195.0006,51.005,200.7135,51.7773,197.8571,51.3912,3.648,69,22.91,28.73,True,True,True,True,True,False
2860,C_allsky,20.59,16,20,36,0.1152,174.0528,43.5644,172.2537,45.8436,173.1533,44.704,2.613,56,23.74,29.2,True,True,True,True,True,False
3283,C_allsky,25.19,17,19,36,0.117,208.9633,26.7838,206.0883,26.7541,207.5258,26.769,2.567,84,25.56,28.24,True,True,True,True,True,False
3470,C_allsky,18.77,17,19,36,0.1373,182.9595,7.0522,185.4219,8.3129,184.1907,7.6825,2.747,66,30.63,33.53,True,True,True,True,True,False
3758,C_allsky,18.07,17,19,36,0.1016,125.4185,20.976,123.9982,23.4783,124.7084,22.2271,2.827,43,28.81,30.37,True,True,True,True,True,False
4070,C_allsky,18.26,16,20,36,0.1037,208.0565,6.408,210.3741,8.2213,209.2153,7.3147,2.928,34,21.84,29.69,True,True,True,True,True,False
4075,C_allsky,19.11,16,20,36,0.1135,195.009,49.3852,195.4367,52.2238,195.2228,50.8045,2.851,63,19.34,25.06,True,True,True,True,True,False
4359,C_allsky,19.23,15,21,36,0.1273,209.5026,13.5964,208.6272,16.6879,209.0649,15.1422,3.205,127,29.26,44.08,True,True,True,True,True,False
4529,C_allsky,18.61,16,20,36,0.123,124.6713,37.5387,121.6826,36.3008,123.1769,36.9198,2.691,65,23.64,28.88,True,True,True,True,True,False
4625,C_allsky,20.77,17,19,36,0.1126,186.6272,27.791,183.9411,27.4968,185.2842,27.6439,2.398,31,33.46,34.99,True,True,True,True,True,False
5196,C_allsky,26.74,17,19,36,0.1333,244.503,41.736,245.9546,45.2067,245.2288,43.4714,3.627,71,38.93,43.13,True,True,True,True,True,False
5317,C_allsky,22.36,17,19,36,0.1311,144.3734,33.4011,146.0677,34.0338,145.2205,33.7175,1.545,48,34.6,38.07,True,True,True,True,True,False
40,C_allsky,17.62,16,19,35,0.1128,195.5977,38.1089,193.4542,40.6975,194.5259,39.4032,3.073,59,26.9,31.66,True,True,True,True,True,False
933,C_allsky,29.38,17,18,35,0.1024,187.4655,4.6401,189.8825,8.2286,188.674,6.4344,4.318,68,22.34,23.08,True,True,True,True,True,False
1082,C_allsky,19.28,16,19,35,0.1177,253.467,26.1111,254.6798,26.8276,254.0734,26.4694,1.301,55,27.72,33.64,True,True,True,True,True,False
1250,C_allsky,27.23,17,18,35,0.1226,209.494,26.4501,212.9722,27.0749,211.2331,26.7625,3.168,66,27.63,28.49,True,True,True,True,True,False
1468,C_allsky,18.62,16,19,35,0.112,170.6983,49.0768,168.6648,51.5287,169.6815,50.3027,2.775,39,22.84,25.81,True,True,True,True,True,False
1757,C_allsky,19.71,17,18,35,0.1226,211.5103,58.1348,212.4697,61.8301,211.99,59.9824,3.726,79,31.65,32.97,True,True,True,True,True,False
2018,C_allsky,24.33,16,19,35,0.1498,158.5843,39.1614,154.5474,39.6824,156.5659,39.4219,3.162,75,42.6,50.61,True,True,True,True,True,False
2237,C_allsky,22.67,17,18,35,0.1279,216.8295,43.0348,216.3599,42.2243,216.5947,42.6295,0.881,74,27.85,30.09,True,True,True,True,True,False
3053,C_allsky,24.28,17,18,35,0.1171,159.2425,58.7453,162.7982,62.3671,161.0204,60.5562,4.022,74,27.05,28.25,True,True,True,True,True,False
3279,C_allsky,17.08,16,19,35,0.1086,131.3076,31.2281,130.3671,33.1841,130.8374,32.2061,2.112,53,28.01,31.05,True,True,True,True,True,False
3457,C_allsky,22.33,17,18,35,0.1003,134.2852,16.1051,132.0149,16.7336,133.15,16.4194,2.267,58,19.75,21.97,True,True,True,True,True,False
3887,C_allsky,18.29,16,19,35,0.1026,218.5285,29.9307,221.0346,31.6325,219.7815,30.7816,2.744,52,18.58,23.61,True,True,True,True,True,False
5109,C_allsky,18.63,17,18,35,0.1194,136.1383,7.134,133.743,9.2989,134.9407,8.2164,3.211,74,35.7,36.63,True,True,True,True,True,False
5668,C_allsky,19.58,17,18,35,0.1276,146.3929,60.7901,142.2818,62.5638,144.3373,61.677,2.636,98,26.16,28.18,True,True,True,True,True,False
168,C_allsky,19.13,16,18,34,0.1073,170.494,50.0123,169.5552,52.394,170.0246,51.2031,2.453,38,19.86,23.74,True,True,True,True,True,False
218,C_allsky,17.08,15,19,34,0.1332,250.2272,27.9651,252.731,29.9187,251.4791,28.9419,2.936,50,24.15,29.6,True,True,True,True,True,False
454,C_allsky,24.79,17,17,34,0.1018,170.1915,23.6831,172.9612,27.2643,171.5763,25.4737,4.368,64,24.3,24.3,True,True,True,True,True,False
521,C_allsky,28.66,15,19,34,0.1178,179.2395,9.7522,178.3155,14.0962,178.7775,11.9242,4.437,83,22.62,28.67,True,True,True,True,True,False
563,C_allsky,24.68,17,17,34,0.1135,209.9761,52.4317,216.703,53.5547,213.3396,52.9932,4.202,53,24.94,24.94,True,True,True,True,True,False
1177,C_allsky,15.62,16,18,34,0.1052,223.7287,22.1534,224.3087,23.1831,224.0187,22.6683,1.161,39,17.07,19.08,True,True,True,True,True,False
1241,C_allsky,20.68,16,18,34,0.1223,226.7169,4.4853,225.592,5.0395,226.1544,4.7624,1.251,71,25.89,30.89,True,True,True,True,True,False
2076,C_allsky,19.64,17,17,34,0.1053,121.7161,16.6656,120.6211,20.5809,121.1686,18.6232,4.051,49,24.98,24.98,True,True,True,True,True,False
3051,C_allsky,19.68,16,18,34,0.1227,218.7588,11.3969,219.8335,12.9242,219.2962,12.1606,1.854,65,25.82,30.83,True,True,True,True,True,False
3208,C_allsky,26.1,15,19,34,0.117,162.7233,32.2869,167.0884,34.0645,164.9059,33.1757,4.063,83,21.53,31.42,True,True,True,True,True,False
3228,C_allsky,22.58,16,18,34,0.1413,178.8412,23.069,179.4448,24.6909,179.143,23.88,1.713,84,36.64,41.77,True,True,True,True,True,False
3872,C_allsky,21.19,16,18,34,0.1369,129.1139,56.5679,129.3511,58.8243,129.2325,57.6961,2.26,64,33.76,38.28,True,True,True,True,True,False
5724,C_allsky,20.08,17,17,34,0.1162,199.5495,-1.2655,201.3972,-3.1945,200.4733,-2.23,2.67,61,25.62,25.62,True,True,True,True,True,False
6454,C_allsky,24.6,15,19,34,0.1192,218.6024,20.641,221.8123,20.2537,220.2074,20.4473,3.033,54,26.68,34.76,True,True,True,True,True,False
6788,C_allsky,21.64,15,19,34,0.1148,184.355,66.5241,180.1171,68.1696,182.236,67.3469,2.318,79,23.04,29.62,True,True,True,True,True,False
7461,C_allsky,19.61,16,18,34,0.1346,145.6975,13.8542,141.7845,14.2594,143.741,14.0568,3.817,66,34.89,39.49,True,True,True,True,True,False
633,C_allsky,23.18,16,17,33,0.1051,168.0025,5.9763,165.4959,6.9048,166.7492,6.4405,2.658,61,24.19,24.91,True,True,True,True,True,False
1224,C_allsky,21.21,15,18,33,0.117,176.6804,13.1471,178.6364,16.2596,177.6584,14.7034,3.642,77,31.19,37.61,True,True,True,True,True,False
1503,C_allsky,21.61,15,18,33,0.1042,166.4704,6.1836,162.1692,7.325,164.3198,6.7543,4.421,60,17.15,21.28,True,True,True,True,True,False
1825,C_allsky,20.61,16,17,33,0.153,126.9495,15.6201,125.1159,15.9561,126.0327,15.7881,1.796,63,39.89,41.86,True,True,True,True,True,False
1909,C_allsky,19.91,15,18,33,0.1005,228.8736,-0.8001,227.7623,2.7277,228.318,0.9638,3.699,46,15.78,19.61,True,True,True,True,True,False
2131,C_allsky,24.67,16,17,33,0.1067,146.8707,9.4778,147.8789,12.8229,147.3748,11.1504,3.488,70,20.54,22.1,True,True,True,True,True,False
2173,C_allsky,25.17,16,17,33,0.1156,228.2546,36.7447,228.1847,39.5663,228.2196,38.1555,2.822,41,22.71,23.98,True,True,True,True,True,False
2349,C_allsky,20.06,15,18,33,0.1204,146.0724,65.6509,141.8574,67.328,143.9649,66.4895,2.375,88,35.57,39.7,True,True,True,True,True,False
2622,C_allsky,21.17,15,18,33,0.1325,206.3119,8.1908,206.0471,10.7706,206.1795,9.4807,2.593,80,26.37,29.78,True,True,True,True,True,False
2675,C_allsky,16.55,15,18,33,0.1171,207.0164,30.3111,203.6973,30.3739,205.3568,30.3425,2.865,48,35.56,39.27,True,True,True,True,True,False
2902,C_allsky,16.26,16,17,33,0.1345,119.0342,50.4094,120.1364,52.0775,119.5853,51.2434,1.805,57,33.44,34.58,True,True,True,True,True,False
3106,C_allsky,21.44,16,17,33,0.1383,209.431,27.0062,211.8646,25.862,210.6478,26.4341,2.461,81,30.99,32.68,True,True,True,True,True,False
3259,C_allsky,19.58,15,18,33,0.1406,244.2953,34.9295,244.8111,38.0463,244.5532,36.4879,3.144,45,29.9,37.09,True,True,True,True,True,False
3327,C_allsky,22.11,16,17,33,0.143,236.4131,41.4611,235.3009,44.216,235.857,42.8385,2.873,76,44.23,45.59,True,True,True,True,True,False
3541,C_allsky,20.16,15,18,33,0.1207,224.6518,7.9603,224.0352,10.2962,224.3435,9.1283,2.414,49,20.42,25.7,True,True,True,True,True,False
3638,C_allsky,23.09,15,18,33,0.1111,136.0472,4.2398,136.9709,3.3643,136.5091,3.802,1.271,54,19.0,21.62,True,True,True,True,True,False
3783,C_allsky,22.14,15,18,33,0.1092,212.9985,7.6684,211.9159,11.4951,212.4572,9.5818,3.973,53,18.9,22.17,True,True,True,True,True,False
4063,C_allsky,15.59,16,17,33,0.107,240.9771,-0.7225,242.2529,-0.0819,241.615,-0.4022,1.428,53,26.36,27.24,True,True,True,True,True,False
4327,C_allsky,22.66,16,17,33,0.1313,194.7358,20.2517,195.7292,19.103,195.2325,19.6774,1.481,80,36.25,37.66,True,True,True,True,True,False
4788,C_allsky,22.14,15,18,33,0.1178,156.0741,21.3429,160.022,21.8845,158.048,21.6137,3.71,63,25.82,28.8,True,True,True,True,True,False
5447,C_allsky,19.08,15,18,33,0.1104,125.7275,10.9868,126.3414,10.5758,126.0344,10.7813,0.73,75,27.44,31.83,True,True,True,True,True,False
5636,C_allsky,22.81,16,17,33,0.1006,196.8738,33.1362,196.9183,36.4536,196.8961,34.7949,3.318,38,23.31,24.23,True,True,True,True,True,False
5917,C_allsky,15.12,16,17,33,0.1263,168.1289,11.1404,166.495,13.5765,167.3119,12.3584,2.912,72,36.98,39.97,True,True,True,True,True,False
147,C_allsky,19.65,16,16,32,0.1032,141.0856,31.2019,136.4123,30.0104,138.7489,30.6062,4.195,43,20.91,20.91,True,True,True,True,True,False
332,C_allsky,20.64,15,17,32,0.126,210.9498,16.9447,208.4567,18.5264,209.7033,17.7355,2.853,84,32.5,34.73,True,True,True,True,True,False
501,C_allsky,23.68,15,17,32,0.1036,155.0056,45.3936,147.9225,47.2164,151.464,46.305,5.222,64,23.8,26.86,True,True,True,True,True,False
2783,C_allsky,18.17,15,17,32,0.1056,133.9802,35.8038,136.222,37.8432,135.1011,36.8235,2.717,47,18.77,21.25,True,True,True,True,True,False
2923,C_allsky,17.15,15,17,32,0.1104,230.5879,36.6984,232.7383,38.2644,231.6631,37.4814,2.316,60,27.85,30.4,True,True,True,True,True,False
3276,C_allsky,16.68,16,16,32,0.1327,251.0452,40.1147,248.5858,41.4065,249.8155,40.7606,2.267,55,25.8,25.8,True,True,True,True,True,False
6513,C_allsky,17.71,15,17,32,0.1158,163.1454,23.1362,163.2184,26.6757,163.1819,24.906,3.54,70,34.61,36.58,True,True,True,True,True,False
7136,C_allsky,15.63,15,17,32,0.1461,212.5016,61.3617,211.5252,63.9819,212.0134,62.6718,2.658,47,31.29,36.06,True,True,True,True,True,False
364,C_allsky,20.24,15,16,31,0.1011,121.0418,16.4202,117.4247,15.4575,119.2332,15.9389,3.609,46,18.35,19.26,True,True,True,True,True,False
372,C_allsky,18.63,15,16,31,0.1303,185.9947,22.8356,183.853,21.7148,184.9239,22.2752,2.277,66,30.72,32.25,True,True,True,True,True,False
455,C_allsky,18.11,15,16,31,0.1021,178.088,42.2541,180.6961,43.7943,179.392,43.0242,2.451,51,18.29,18.92,True,True,True,True,True,False
623,C_allsky,22.17,15,16,31,0.1467,176.0468,42.2668,176.4329,44.4189,176.2398,43.3428,2.17,65,35.01,36.46,True,True,True,True,True,False
1107,C_allsky,20.64,15,16,31,0.1314,233.1348,4.2196,233.2109,6.8086,233.1728,5.5141,2.59,36,24.81,26.45,True,True,True,True,True,False
1227,C_allsky,17.83,15,16,31,0.1354,246.0587,41.0009,248.4023,40.5104,247.2305,40.7556,1.842,63,27.95,29.46,True,True,True,True,True,False
1900,C_allsky,18.67,15,16,31,0.1285,207.9801,12.19,208.1613,15.2217,208.0707,13.7059,3.037,61,25.75,26.77,True,True,True,True,True,False
2256,C_allsky,19.66,15,16,31,0.1197,190.0558,65.1401,192.9841,66.0923,191.52,65.6162,1.539,55,24.18,25.49,True,True,True,True,True,False
2430,C_allsky,23.05,15,16,31,0.1032,176.413,9.8033,175.0789,10.536,175.746,10.1696,1.504,84,19.2,19.99,True,True,True,True,True,False
2516,C_allsky,22.86,15,16,31,0.1011,159.3334,11.0202,162.836,11.3626,161.0847,11.1914,3.453,42,17.52,19.17,True,True,True,True,True,False
2632,C_allsky,17.1,15,16,31,0.101,119.78,38.6231,121.6569,38.4232,120.7184,38.5231,1.482,52,21.2,21.88,True,True,True,True,True,False
3147,C_allsky,21.15,15,16,31,0.1273,174.2313,31.6673,177.472,32.8501,175.8516,32.2587,2.985,53,23.45,25.72,True,True,True,True,True,False
5271,C_allsky,17.14,15,16,31,0.1059,126.0386,12.2525,125.9534,14.2242,125.996,13.2384,1.973,50,19.08,20.07,True,True,True,True,True,False
5583,C_allsky,21.25,15,16,31,0.1022,192.244,63.9987,199.5198,65.6218,195.8819,64.8102,3.496,49,21.27,21.98,True,True,True,True,True,False
6088,C_allsky,17.61,15,16,31,0.1061,138.5401,37.3058,136.6474,37.4559,137.5937,37.3808,1.511,50,23.95,25.1,True,True,True,True,True,False
938,C_allsky,17.65,15,15,30,0.1228,145.8317,40.4999,144.0086,41.5308,144.9201,41.0154,1.719,40,22.22,22.22,True,True,True,True,True,False
4025,C_allsky,15.23,15,15,30,0.1114,181.749,0.8152,182.0913,3.1891,181.9202,2.0021,2.399,41,28.93,28.93,True,True,True,True,True,False
4308,C_allsky,17.95,15,15,30,0.105,255.3842,33.4652,257.2072,34.3033,256.2957,33.8843,1.73,29,20.15,20.15,True,True,True,True,True,False
4551,C_allsky,19.14,15,15,30,0.1092,220.5205,13.1117,220.6215,16.3493,220.571,14.7305,3.239,36,17.28,17.28,True,True,True,True,True,False
5889,C_allsky,16.06,15,15,30,0.1127,226.9547,3.2981,226.3018,5.0017,226.6283,4.1499,1.824,41,23.07,23.07,True,True,True,True,True,False
1958,D_allsky_relaxed,21.12,14,24,38,0.1144,176.4438,10.8881,176.06,12.0329,176.2519,11.4605,1.205,40,17.32,30.0,True,True,True,False,True,False
1511,D_allsky_relaxed,25.29,12,25,37,0.1112,211.0515,6.4597,211.5426,8.3504,211.2971,7.4051,1.952,51,24.56,43.69,True,True,True,False,True,False
3275,D_allsky_relaxed,22.58,13,22,35,0.1143,132.0055,50.6898,133.1781,54.2037,132.5918,52.4467,3.586,54,24.96,38.33,True,True,True,False,True,False
4608,D_allsky_relaxed,15.72,14,21,35,0.1274,206.7577,5.4661,206.948,8.2222,206.8528,6.8442,2.763,72,31.71,42.69,True,True,True,False,True,False
1517,D_allsky_relaxed,16.59,12,22,34,0.1134,230.1838,32.5345,229.031,34.6409,229.6074,33.5877,2.315,33,24.27,40.43,True,True,True,False,True,False
1532,D_allsky_relaxed,23.33,13,21,34,0.1258,175.9172,57.2448,180.6362,58.8596,178.2767,58.0522,2.974,40,32.09,44.47,True,True,True,False,True,False
63,D_allsky_relaxed,24.78,13,20,33,0.101,181.8709,44.8385,183.8119,49.2608,182.8414,47.0497,4.616,88,15.86,24.47,True,True,True,False,True,False
1955,D_allsky_relaxed,15.32,14,19,33,0.1126,229.6308,35.6593,227.4121,36.7942,228.5215,36.2267,2.119,27,21.14,26.35,True,True,True,False,True,False
2106,D_allsky_relaxed,20.04,12,21,33,0.1145,158.6186,22.99,156.8846,26.4298,157.7516,24.7099,3.783,56,22.43,39.01,True,True,True,False,True,False
2221,D_allsky_relaxed,16.61,14,19,33,0.1027,194.031,36.2229,197.438,36.074,195.7345,36.1484,2.755,34,19.62,26.39,True,True,True,False,True,False
10098,D_allsky_relaxed,15.14,14,19,33,0.1386,254.807,39.1322,253.4916,39.1852,254.1493,39.1587,1.021,68,25.66,36.49,True,True,True,False,True,False
11920,D_allsky_relaxed,16.56,14,19,33,0.1438,197.4054,19.3705,198.5384,20.5717,197.9719,19.9711,1.605,69,31.57,41.54,True,True,True,False,True,False
621,D_allsky_relaxed,19.74,14,18,32,0.1295,217.043,31.8576,216.0851,35.2408,216.564,33.5492,3.476,68,23.07,28.0,True,True,True,False,True,False
859,D_allsky_relaxed,15.65,13,19,32,0.1113,181.876,18.8224,184.4916,19.4606,183.1838,19.1415,2.552,55,17.48,26.27,True,True,True,False,True,False
1792,D_allsky_relaxed,22.87,14,18,32,0.1313,180.1197,3.3025,180.0307,2.471,180.0752,2.8867,0.836,56,26.91,49.07,True,True,True,False,True,False
1823,D_allsky_relaxed,18.21,13,19,32,0.1349,159.4716,51.7285,158.512,53.7587,158.9918,52.7436,2.112,53,23.0,35.0,True,True,True,False,True,False
4065,D_allsky_relaxed,18.72,14,18,32,0.116,173.7412,16.3442,173.8948,18.1754,173.818,17.2598,1.837,47,19.82,24.86,True,True,True,False,True,False
204,D_allsky_relaxed,24.3,14,17,31,0.1128,211.3417,9.0424,210.0657,12.4128,210.7037,10.7276,3.596,35,28.27,34.18,True,True,True,False,True,False
930,D_allsky_relaxed,16.53,14,17,31,0.1273,123.4673,29.3754,121.744,29.4664,122.6056,29.4209,1.504,44,24.11,28.98,True,True,True,False,True,False
1002,D_allsky_relaxed,20.23,11,20,31,0.1354,179.3101,26.9946,180.6284,29.0662,179.9692,28.0304,2.376,75,21.23,37.67,True,True,True,False,True,False
1591,D_allsky_relaxed,18.11,14,17,31,0.1084,226.603,24.7357,229.1901,27.1342,227.8966,25.935,3.342,83,19.92,22.21,True,True,True,False,True,False
1665,D_allsky_relaxed,20.55,14,17,31,0.101,252.0392,29.7833,253.0891,30.9549,252.5641,30.3691,1.481,30,17.56,21.18,True,True,True,False,True,False
2093,D_allsky_relaxed,17.61,14,17,31,0.1205,139.3316,50.3702,135.2078,49.2487,137.2697,49.8095,2.888,76,24.38,29.28,True,True,True,False,True,False
2156,D_allsky_relaxed,15.59,13,18,31,0.1383,172.4544,28.535,173.107,30.1529,172.7807,29.344,1.715,90,22.78,32.13,True,True,True,False,True,False
2463,D_allsky_relaxed,18.17,13,18,31,0.1202,234.5812,42.571,237.355,45.5088,235.9681,44.0399,3.551,60,19.99,27.52,True,True,True,False,True,False
3798,D_allsky_relaxed,18.71,14,17,31,0.1327,198.3642,62.4959,194.0504,63.6707,196.2073,63.0833,2.279,47,28.94,41.31,True,True,True,False,True,False
5169,D_allsky_relaxed,16.09,14,17,31,0.1045,219.571,23.6675,221.6007,25.2415,220.5859,24.4545,2.427,62,21.03,25.94,True,True,True,False,True,False
5237,D_allsky_relaxed,18.44,14,17,31,0.1281,144.6554,29.9606,143.4338,32.0185,144.0446,30.9896,2.309,38,31.4,35.09,True,True,True,False,True,False
5414,D_allsky_relaxed,20.15,13,18,31,0.1028,207.8971,35.6862,209.6935,35.6886,208.7953,35.6874,1.459,75,19.41,25.35,True,True,True,False,True,False
6739,D_allsky_relaxed,17.57,14,17,31,0.1035,130.198,14.9848,127.024,15.4972,128.611,15.241,3.105,50,17.38,20.96,True,True,True,False,True,False
7473,D_allsky_relaxed,19.06,14,17,31,0.1393,209.3728,24.382,207.647,24.5757,208.5099,24.4789,1.583,56,28.92,36.41,True,True,True,False,True,False
357,D_allsky_relaxed,24.13,14,16,30,0.1145,122.7459,50.8887,122.9898,49.1359,122.8678,50.0123,1.76,70,24.11,26.25,True,True,True,False,True,False
397,D_allsky_relaxed,19.16,14,16,30,0.1026,122.2849,51.2783,122.6786,52.9318,122.4817,52.105,1.671,36,16.65,18.18,True,True,True,False,True,False
478,D_allsky_relaxed,18.16,12,18,30,0.1018,192.2213,57.9534,191.3728,61.3439,191.7971,59.6486,3.417,86,13.11,22.5,True,True,True,False,True,False
554,D_allsky_relaxed,19.2,12,18,30,0.1033,249.9837,24.8264,252.7404,27.7222,251.362,26.2743,3.807,33,14.95,24.13,True,True,True,False,True,False
630,D_allsky_relaxed,29.12,14,16,30,0.1062,165.838,49.0458,168.5808,51.6695,167.2094,50.3577,3.154,53,18.73,23.12,True,True,True,False,True,False
1849,D_allsky_relaxed,16.17,14,16,30,0.1167,136.5535,18.6428,136.2785,19.9803,136.416,19.3116,1.362,65,20.67,23.22,True,True,True,False,True,False
2165,D_allsky_relaxed,15.6,11,19,30,0.1059,174.0972,7.2251,174.3795,9.4865,174.2383,8.3558,2.279,39,17.73,38.79,True,True,True,False,True,False
2419,D_allsky_relaxed,23.98,14,16,30,0.1243,228.9137,33.9944,227.1646,34.4411,228.0391,34.2177,1.514,40,27.19,29.21,True,True,True,False,True,False
3009,D_allsky_relaxed,17.04,14,16,30,0.1085,213.6348,6.5616,212.7592,8.1498,213.197,7.3557,1.81,56,22.67,25.36,True,True,True,False,True,False
4675,D_allsky_relaxed,20.17,13,17,30,0.1342,184.9807,1.9802,182.5143,3.1667,183.7475,2.5735,2.735,48,23.33,29.76,True,True,True,False,True,False
4972,D_allsky_relaxed,15.09,14,16,30,0.1276,246.945,46.9197,248.0854,49.0397,247.5152,47.9797,2.253,55,25.06,30.56,True,True,True,False,True,False
5019,D_allsky_relaxed,16.64,13,17,30,0.1286,153.4785,17.7917,151.4955,17.1035,152.487,17.4476,2.013,67,22.73,32.54,True,True,True,False,True,False
5580,D_allsky_relaxed,18.62,14,16,30,0.1326,117.3625,34.3591,120.1111,35.904,118.7368,35.1316,2.728,66,30.26,33.98,True,True,True,False,True,False
5698,D_allsky_relaxed,20.18,14,16,30,0.1142,167.7766,42.0888,168.4223,44.8762,168.0994,43.4825,2.827,34,15.84,18.6,True,True,True,False,True,False
7187,D_allsky_relaxed,21.11,10,20,30,0.1109,246.2521,25.9379,249.4275,27.6115,247.8398,26.7747,3.292,38,13.25,25.68,True,True,True,False,True,False
7350,D_allsky_relaxed,19.13,13,17,30,0.1136,152.4771,23.1151,150.8199,25.7137,151.6485,24.4144,3.005,49,24.37,28.63,True,True,True,False,True,False
13,D_allsky_relaxed,25.12,14,15,29,0.1008,139.3603,52.2636,140.144,55.1474,139.7522,53.7055,2.921,50,20.43,22.28,True,True,True,False,True,False
1464,D_allsky_relaxed,19.13,14,15,29,0.1083,236.4218,53.2354,234.9206,56.8981,235.6712,55.0667,3.762,85,19.46,20.6,True,True,True,False,True,False
1844,D_allsky_relaxed,20.13,12,17,29,0.1307,178.936,2.668,176.7088,3.2048,177.8224,2.9364,2.288,58,23.32,32.98,True,True,True,False,True,False
1917,D_allsky_relaxed,17.19,14,15,29,0.1131,151.7142,37.179,148.6099,39.5447,150.162,38.3618,3.394,54,19.09,21.13,True,True,True,False,True,False
1921,D_allsky_relaxed,17.15,14,15,29,0.1039,217.0683,15.7865,218.2628,19.5229,217.6655,17.6547,3.906,39,20.37,21.52,True,True,True,False,True,False
2207,D_allsky_relaxed,21.15,14,15,29,0.1088,177.7038,10.6095,176.6955,12.9756,177.1997,11.7926,2.564,60,18.91,19.96,True,True,True,False,True,False
2245,D_allsky_relaxed,19.57,14,15,29,0.1192,218.7003,9.0899,218.3694,11.7383,218.5349,10.4141,2.668,60,26.74,27.76,True,True,True,False,True,False
2450,D_allsky_relaxed,20.12,12,17,29,0.1095,129.4941,29.5708,126.4338,32.2895,127.9639,30.9302,3.779,55,21.82,32.54,True,True,True,False,True,False
2653,D_allsky_relaxed,18.61,13,16,29,0.1209,134.7974,16.6352,132.6984,16.9815,133.7479,16.8084,2.039,39,22.0,26.56,True,True,True,False,True,False
3002,D_allsky_relaxed,18.11,13,16,29,0.145,238.6995,56.0437,234.4618,56.3543,236.5806,56.199,2.378,57,26.9,32.33,True,True,True,False,True,False
3990,D_allsky_relaxed,15.07,14,15,29,0.1033,218.6756,14.7047,219.6443,16.4659,219.16,15.5853,1.993,50,21.76,22.71,True,True,True,False,True,False
4299,D_allsky_relaxed,18.72,14,15,29,0.1194,223.5632,8.6829,222.3149,9.8904,222.939,9.2866,1.725,52,37.34,38.28,True,True,True,False,True,False
4300,D_allsky_relaxed,19.59,12,17,29,0.1184,251.9012,23.4369,250.8836,25.1469,251.3924,24.2919,1.945,40,19.2,30.8,True,True,True,False,True,False
4356,D_allsky_relaxed,20.73,14,15,29,0.1131,172.217,39.2599,172.3683,41.942,172.2926,40.601,2.685,52,22.99,24.65,True,True,True,False,True,False
4541,D_allsky_relaxed,16.25,14,15,29,0.1091,157.1556,39.4333,159.2409,41.4041,158.1983,40.4187,2.531,28,21.13,21.83,True,True,True,False,True,False
4907,D_allsky_relaxed,22.54,14,15,29,0.1261,119.2716,27.1692,120.7863,29.1391,120.029,28.1541,2.38,47,26.06,27.94,True,True,True,False,True,False
5837,D_allsky_relaxed,15.67,14,15,29,0.1135,246.2108,33.8011,248.66,34.8606,247.4354,34.3308,2.283,38,23.33,24.43,True,True,True,False,True,False
6767,D_allsky_relaxed,16.12,13,16,29,0.1352,215.2153,22.4546,217.44,22.8059,216.3277,22.6303,2.083,77,24.25,30.81,True,True,True,False,True,False
9195,D_allsky_relaxed,20.56,14,15,29,0.1287,152.7405,63.7645,151.3814,64.6771,152.061,64.2208,1.087,58,23.2,24.29,True,True,True,False,True,False
194,D_allsky_relaxed,21.72,13,15,28,0.1004,245.6456,25.8502,247.2132,26.6123,246.4294,26.2313,1.599,35,13.97,15.8,True,True,True,False,True,False
374,D_allsky_relaxed,17.13,13,15,28,0.1247,138.5567,16.6559,135.6911,18.5647,137.1239,17.6103,3.332,61,24.44,31.45,True,True,True,False,True,False
678,D_allsky_relaxed,18.62,13,15,28,0.1046,155.9213,8.8256,153.1148,9.8799,154.5181,9.3528,2.963,54,15.52,18.55,True,True,True,False,True,False
1330,D_allsky_relaxed,21.74,13,15,28,0.1005,234.8501,40.085,236.3926,41.5539,235.6214,40.8195,1.876,48,16.16,19.21,True,True,True,False,True,False
1674,D_allsky_relaxed,24.14,14,14,28,0.1134,205.9583,17.5046,204.2639,19.4501,205.1111,18.4774,2.523,75,20.69,20.69,True,True,True,False,True,False
2134,D_allsky_relaxed,23.6,13,15,28,0.1167,154.1676,5.9263,150.7646,5.7218,152.4661,5.824,3.392,48,23.73,26.56,True,True,True,False,True,False
2312,D_allsky_relaxed,16.63,12,16,28,0.1096,171.3362,60.607,170.5517,62.5373,170.9439,61.5722,1.966,30,15.58,23.56,True,True,True,False,True,False
2698,D_allsky_relaxed,16.63,14,14,28,0.118,156.7721,54.5785,151.5166,55.4342,154.1444,55.0064,3.133,56,27.76,27.76,True,True,True,False,True,False
2880,D_allsky_relaxed,18.15,13,15,28,0.1161,172.5512,5.7889,173.5172,8.6698,173.0342,7.2294,3.036,51,24.73,27.58,True,True,True,False,True,False
3096,D_allsky_relaxed,15.2,13,15,28,0.1045,249.9497,26.1552,247.5909,25.8755,248.7703,26.0153,2.138,43,16.64,19.44,True,True,True,False,True,False
3403,D_allsky_relaxed,23.31,11,17,28,0.1091,199.2843,38.3265,196.5928,39.8682,197.9386,39.0974,2.596,87,15.7,23.83,True,True,True,False,True,False
3575,D_allsky_relaxed,15.08,13,15,28,0.1109,228.4788,29.0003,228.2859,30.515,228.3823,29.7576,1.524,36,23.12,24.92,True,True,True,False,True,False
4884,D_allsky_relaxed,20.55,14,14,28,0.1008,162.8751,38.6783,162.4278,40.4739,162.6514,39.5761,1.828,31,18.89,18.89,True,True,True,False,True,False
5558,D_allsky_relaxed,16.15,13,15,28,0.1065,179.3052,13.777,179.9415,14.8667,179.6233,14.3218,1.252,70,19.62,21.68,True,True,True,False,True,False
5701,D_allsky_relaxed,20.12,14,14,28,0.103,209.5544,2.5078,209.6914,6.0137,209.6229,4.2607,3.509,43,17.8,17.8,True,True,True,False,True,False
6171,D_allsky_relaxed,17.7,11,17,28,0.1129,147.5643,28.7631,145.7963,31.1826,146.6803,29.9729,2.864,39,16.47,24.46,True,True,True,False,True,False
6460,D_allsky_relaxed,16.61,14,14,28,0.1499,243.1163,17.2368,241.7808,18.9318,242.4486,18.0843,2.118,34,34.86,34.86,True,True,True,False,True,False
6525,D_allsky_relaxed,15.12,14,14,28,0.1304,140.779,8.2351,137.9892,7.7238,139.3841,7.9795,2.81,91,26.09,26.09,True,True,True,False,True,False
7217,D_allsky_relaxed,17.62,12,16,28,0.1298,223.7706,4.0114,226.2741,5.6033,225.0223,4.8073,2.959,68,19.4,24.54,True,True,True,False,True,False
8412,D_allsky_relaxed,15.63,10,18,28,0.107,188.0654,67.0437,194.3488,66.7929,191.2071,66.9183,2.476,43,21.46,32.72,True,True,True,False,True,False
9415,D_allsky_relaxed,15.73,13,15,28,0.1013,127.4752,16.96,125.5695,17.3666,126.5224,17.1633,1.866,27,19.63,22.54,True,True,True,False,True,False
429,D_allsky_relaxed,18.11,13,14,27,0.1155,196.1,46.3025,198.5283,47.7645,197.3142,47.0335,2.208,53,22.36,23.15,True,True,True,False,True,False
673,D_allsky_relaxed,16.05,13,14,27,0.101,139.3413,12.0822,137.8902,13.2884,138.6157,12.6853,1.86,73,17.61,19.14,True,True,True,False,True,False
1046,D_allsky_relaxed,25.15,11,16,27,0.1156,165.0551,48.6524,166.2022,50.7948,165.6286,49.7236,2.267,95,18.49,28.17,True,True,True,False,True,False
1163,D_allsky_relaxed,22.68,11,16,27,0.1196,221.4909,13.8793,223.6555,15.8504,222.5732,14.8649,2.874,37,17.93,24.93,True,True,True,False,True,False
1342,D_allsky_relaxed,20.63,13,14,27,0.1334,212.0009,9.004,209.0116,10.4922,210.5063,9.7481,3.301,65,20.53,21.59,True,True,True,False,True,False
2158,D_allsky_relaxed,17.09,13,14,27,0.1202,239.1396,-0.5368,241.1914,-0.826,240.1655,-0.6814,2.072,43,23.06,23.95,True,True,True,False,True,False
2196,D_allsky_relaxed,18.65,13,14,27,0.1402,118.2754,32.5413,119.1285,34.8401,118.7019,33.6907,2.406,60,30.84,32.26,True,True,True,False,True,False
2244,D_allsky_relaxed,15.14,12,15,27,0.1541,209.3529,12.6377,207.5013,12.5791,208.4271,12.6084,1.808,65,26.72,33.03,True,True,True,False,True,False
2839,D_allsky_relaxed,19.1,13,14,27,0.143,228.6441,10.7649,229.5183,13.1147,229.0812,11.9398,2.501,46,24.29,26.11,True,True,True,False,True,False
2895,D_allsky_relaxed,17.3,13,14,27,0.1312,167.8909,33.2964,166.2531,33.8718,167.072,33.5841,1.481,33,26.25,27.31,True,True,True,False,True,False
3052,D_allsky_relaxed,21.11,13,14,27,0.1031,127.4432,29.5838,126.2707,32.8143,126.857,31.1991,3.383,68,15.07,16.07,True,True,True,False,True,False
3387,D_allsky_relaxed,18.57,12,15,27,0.1324,176.9012,51.7553,174.0115,52.7605,175.4564,52.2579,2.034,46,20.35,25.79,True,True,True,False,True,False
4456,D_allsky_relaxed,20.74,13,14,27,0.1163,224.2785,19.5286,222.8451,21.4442,223.5618,20.4864,2.339,23,36.52,37.83,True,True,True,False,True,False
5044,D_allsky_relaxed,15.35,10,17,27,0.1155,204.0314,2.2529,205.2577,3.382,204.6445,2.8175,1.666,41,19.48,29.39,True,True,True,False,True,False
5106,D_allsky_relaxed,16.62,13,14,27,0.1165,133.652,33.3092,132.1655,35.4125,132.9088,34.3609,2.435,66,20.11,21.27,True,True,True,False,True,False
6159,D_allsky_relaxed,17.68,13,14,27,0.1437,170.0112,2.9469,166.7892,4.5149,168.4002,3.7309,3.577,48,29.95,31.77,True,True,True,False,True,False
6296,D_allsky_relaxed,18.1,13,14,27,0.1003,194.5557,61.689,203.7468,60.1479,199.1512,60.9184,4.726,46,13.69,14.72,True,True,True,False,True,False
7393,D_allsky_relaxed,15.11,13,14,27,0.1153,159.7223,48.4325,154.5834,50.1635,157.1528,49.298,3.772,63,24.11,25.15,True,True,True,False,True,False
8130,D_allsky_relaxed,19.62,13,14,27,0.1377,237.6417,17.7168,237.9233,18.7779,237.7825,18.2474,1.094,80,27.62,29.13,True,True,True,False,True,False
9356,D_allsky_relaxed,17.08,13,14,27,0.1269,178.4032,36.2323,181.5182,38.4578,179.9607,37.345,3.33,75,24.38,25.88,True,True,True,False,True,False
10786,D_allsky_relaxed,16.15,10,17,27,0.1087,230.4231,32.1794,232.0557,32.2535,231.2394,32.2165,1.383,35,13.97,23.66,True,True,True,False,True,False
12039,D_allsky_relaxed,18.07,12,15,27,0.1251,188.2122,44.309,185.6749,45.2887,186.9435,44.7989,2.05,71,19.9,25.18,True,True,True,False,True,False
78,D_allsky_relaxed,18.59,11,15,26,0.1043,195.7581,65.6031,203.8983,66.0911,199.8282,65.8471,3.366,55,12.8,16.84,True,True,True,False,True,False
323,D_allsky_relaxed,19.65,12,14,26,0.1062,121.4739,15.8298,122.1137,17.4309,121.7938,16.6304,1.715,37,16.2,18.02,True,True,True,False,True,False
421,D_allsky_relaxed,22.12,13,13,26,0.1496,125.7872,28.9418,124.7796,30.9961,125.2834,29.969,2.232,72,32.49,32.49,True,True,True,False,True,False
536,D_allsky_relaxed,17.23,11,15,26,0.1045,177.5019,3.0587,176.255,5.0265,176.8784,4.0426,2.328,29,20.39,24.94,True,True,True,False,True,False
558,D_allsky_relaxed,21.08,13,13,26,0.12,142.0926,-0.3345,142.9979,2.6285,142.5453,1.147,3.098,56,22.74,22.74,True,True,True,False,True,False
725,D_allsky_relaxed,24.11,12,14,26,0.1329,165.0634,12.5191,162.3914,14.6301,163.7274,13.5746,3.347,68,23.34,25.92,True,True,True,False,True,False
1246,D_allsky_relaxed,18.14,12,14,26,0.1317,164.8344,57.5077,164.5488,59.9116,164.6916,58.7097,2.408,60,19.03,22.7,True,True,True,False,True,False
1422,D_allsky_relaxed,15.08,13,13,26,0.1141,197.8797,43.0031,200.2346,44.7096,199.0572,43.8564,2.407,43,17.79,17.79,True,True,True,False,True,False
1477,D_allsky_relaxed,20.1,12,14,26,0.1112,179.5883,63.1897,174.2991,63.4416,176.9437,63.3157,2.389,36,24.27,27.21,True,True,True,False,True,False
1602,D_allsky_relaxed,17.25,12,14,26,0.121,131.7252,60.7916,129.9553,62.4289,130.8403,61.6103,1.841,90,20.85,23.17,True,True,True,False,True,False
2056,D_allsky_relaxed,15.7,13,13,26,0.1222,230.8438,14.2001,230.4847,16.9203,230.6643,15.5602,2.742,59,19.52,19.52,True,True,True,False,True,False
3119,D_allsky_relaxed,19.1,11,15,26,0.1119,183.4709,19.7702,183.9665,23.2639,183.7187,21.5171,3.524,53,18.82,22.63,True,True,True,False,True,False
3160,D_allsky_relaxed,18.09,12,14,26,0.1101,182.8404,62.5203,186.7864,65.3382,184.8134,63.9293,3.309,41,17.75,19.75,True,True,True,False,True,False
3267,D_allsky_relaxed,19.07,12,14,26,0.1134,169.831,56.1662,171.9112,59.1751,170.8711,57.6706,3.208,58,15.5,17.91,True,True,True,False,True,False
3703,D_allsky_relaxed,17.11,12,14,26,0.1259,183.2568,57.6764,179.5166,57.906,181.3867,57.7912,2.007,24,25.72,29.09,True,True,True,False,True,False
4102,D_allsky_relaxed,17.56,12,14,26,0.1125,227.4111,26.5115,229.4229,28.4739,228.417,27.4927,2.653,24,20.65,22.86,True,True,True,False,True,False
4209,D_allsky_relaxed,16.58,13,13,26,0.1181,237.4492,45.1508,240.1392,46.5924,238.7942,45.8716,2.364,26,19.3,19.3,True,True,True,False,True,False
4388,D_allsky_relaxed,15.6,13,13,26,0.1258,253.6114,36.1853,255.7537,35.5822,254.6825,35.8837,1.838,47,22.39,22.39,True,True,True,False,True,False
5301,D_allsky_relaxed,15.57,11,15,26,0.1104,158.4624,17.0105,155.7586,17.6861,157.1105,17.3483,2.668,45,19.09,27.54,True,True,True,False,True,False
7838,D_allsky_relaxed,16.1,13,13,26,0.1376,181.764,5.7575,179.7483,7.8696,180.7562,6.8135,2.91,60,27.41,27.41,True,True,True,False,True,False
9089,D_allsky_relaxed,17.2,11,15,26,0.1333,167.4104,21.7733,165.8069,21.7896,166.6087,21.7815,1.489,42,26.72,35.13,True,True,True,False,True,False
41,D_allsky_relaxed,21.71,12,13,25,0.1072,194.5425,19.3803,198.2113,19.9651,196.3769,19.6727,3.504,41,19.64,20.52,True,True,True,False,True,False
314,D_allsky_relaxed,16.63,12,13,25,0.1172,250.9599,20.8819,253.6714,22.2436,252.3157,21.5627,2.866,33,17.06,19.0,True,True,True,False,True,False
529,D_allsky_relaxed,15.61,10,15,25,0.102,214.7015,15.2421,216.7879,18.117,215.7447,16.6796,3.501,43,12.73,22.08,True,True,True,False,True,False
654,D_allsky_relaxed,18.6,12,13,25,0.1273,149.9551,24.3036,148.4773,25.6981,149.2162,25.0009,1.934,62,20.49,22.22,True,True,True,False,True,False
956,D_allsky_relaxed,24.67,11,14,25,0.1435,157.5965,47.7939,155.6187,50.3911,156.6076,49.0925,2.902,77,34.2,41.6,True,True,True,False,True,False
1439,D_allsky_relaxed,22.23,11,14,25,0.1083,184.5625,16.6234,185.2112,18.4347,184.8869,17.529,1.914,61,15.13,17.91,True,True,True,False,True,False
1783,D_allsky_relaxed,22.1,12,13,25,0.1406,151.9173,50.9472,155.5223,51.6193,153.7198,51.2833,2.353,58,29.65,30.93,True,True,True,False,True,False
2027,D_allsky_relaxed,20.71,11,14,25,0.1301,191.7899,33.4071,195.0398,33.4116,193.4148,33.4093,2.713,39,23.63,28.4,True,True,True,False,True,False
2575,D_allsky_relaxed,17.22,12,13,25,0.1125,176.026,58.9081,176.1983,60.931,176.1122,59.9196,2.025,28,14.89,15.73,True,True,True,False,True,False
3281,D_allsky_relaxed,18.7,12,13,25,0.1199,189.2858,51.442,192.5787,51.6412,190.9322,51.5416,2.058,30,19.49,20.32,True,True,True,False,True,False
3557,D_allsky_relaxed,16.17,10,15,25,0.1011,229.8764,5.5936,228.6074,6.5506,229.2419,6.0721,1.584,30,11.1,20.06,True,True,True,False,True,False
3622,D_allsky_relaxed,19.65,12,13,25,0.1207,165.8863,23.516,164.5221,26.6266,165.2042,25.0713,3.347,64,17.49,19.11,True,True,True,False,True,False
3919,D_allsky_relaxed,18.15,12,13,25,0.1345,191.7992,32.7736,191.2158,33.4209,191.5075,33.0972,0.811,22,32.97,35.74,True,True,True,False,True,False
4192,D_allsky_relaxed,19.94,12,13,25,0.1339,133.0125,57.743,129.9898,59.8004,131.5012,58.7717,2.586,43,22.55,24.52,True,True,True,False,True,False
4526,D_allsky_relaxed,17.8,11,14,25,0.1403,180.4676,25.0054,180.2682,27.4177,180.3679,26.2115,2.419,42,27.28,31.39,True,True,True,False,True,False
5652,D_allsky_relaxed,15.07,11,14,25,0.1394,159.1503,62.6583,154.2505,63.7429,156.7004,63.2006,2.461,53,30.44,36.3,True,True,True,False,True,False
6047,D_allsky_relaxed,17.06,12,13,25,0.1172,139.8329,32.6961,136.6914,33.1032,138.2621,32.8996,2.669,43,18.16,20.42,True,True,True,False,True,False
6657,D_allsky_relaxed,15.56,12,13,25,0.1257,142.1042,15.5134,140.7752,18.1439,141.4397,16.8287,2.922,39,19.62,21.57,True,True,True,False,True,False
8052,D_allsky_relaxed,15.69,11,14,25,0.1152,218.4984,7.0598,218.5939,8.5485,218.5461,7.8042,1.492,26,15.93,21.43,True,True,True,False,True,False
506,D_allsky_relaxed,18.58,11,13,24,0.1089,122.8673,12.35,121.5658,14.92,122.2165,13.635,2.864,51,12.4,14.38,True,True,True,False,True,False
736,D_allsky_relaxed,17.19,12,12,24,0.1094,194.2351,16.9756,192.9508,18.9512,193.5929,17.9634,2.323,37,17.3,17.3,True,True,True,False,True,False
792,D_allsky_relaxed,15.67,12,12,24,0.1092,173.0588,25.2163,170.9989,26.6099,172.0288,25.9131,2.318,47,19.2,19.2,True,True,True,False,True,False
1832,D_allsky_relaxed,19.58,12,12,24,0.1218,226.0611,0.9637,223.8405,3.5609,224.9508,2.2623,3.416,69,20.07,20.07,True,True,True,False,True,False
2313,D_allsky_relaxed,15.13,12,12,24,0.1148,155.2538,22.2645,154.4411,23.048,154.8474,22.6562,1.085,41,17.98,17.98,True,True,True,False,True,False
2585,D_allsky_relaxed,17.57,12,12,24,0.133,216.8048,32.0903,217.0174,33.4931,216.9111,32.7917,1.414,38,26.0,26.0,True,True,True,False,True,False
3098,D_allsky_relaxed,21.08,11,13,24,0.1004,202.6152,54.3407,203.0921,56.2425,202.8537,55.2916,1.921,36,12.11,13.68,True,True,True,False,True,False
3478,D_allsky_relaxed,15.65,11,13,24,0.122,216.2152,21.9727,217.7211,23.7278,216.9682,22.8503,2.237,52,19.12,23.75,True,True,True,False,True,False
3733,D_allsky_relaxed,16.03,11,13,24,0.1046,124.8451,34.4865,123.9722,37.592,124.4086,36.0393,3.185,64,20.09,22.64,True,True,True,False,True,False
5967,D_allsky_relaxed,16.62,11,13,24,0.1022,138.2202,46.1871,138.6631,49.1645,138.4417,47.6758,2.992,69,15.32,17.57,True,True,True,False,True,False
6774,D_allsky_relaxed,16.58,11,13,24,0.1325,140.911,8.4556,139.3051,8.9959,140.1081,8.7257,1.677,63,22.88,27.33,True,True,True,False,True,False
7172,D_allsky_relaxed,15.14,12,12,24,0.1348,210.3435,57.0677,214.2146,58.8793,212.2791,57.9735,2.738,39,22.86,22.86,True,True,True,False,True,False
9032,D_allsky_relaxed,15.53,12,12,24,0.1321,220.9303,12.59,220.8239,14.9379,220.8771,13.764,2.35,44,21.59,21.59,True,True,True,False,True,False
1657,D_allsky_relaxed,17.62,11,12,23,0.1092,243.5877,28.9592,240.341,30.1488,241.9644,29.554,3.065,46,14.06,16.23,True,True,True,False,True,False
2048,D_allsky_relaxed,15.94,11,12,23,0.1205,112.5783,39.1382,111.8241,40.6153,112.2012,39.8767,1.586,53,18.28,19.98,True,True,True,False,True,False
3006,D_allsky_relaxed,15.14,11,12,23,0.1039,138.1342,28.6454,140.0372,30.2539,139.0857,29.4496,2.309,27,13.72,14.47,True,True,True,False,True,False
4000,D_allsky_relaxed,15.07,11,12,23,0.1426,217.1742,63.6412,220.3681,64.1886,218.7712,63.9149,1.507,35,27.89,29.38,True,True,True,False,True,False
4143,D_allsky_relaxed,15.1,10,13,23,0.1204,137.8382,3.4462,135.4193,3.268,136.6287,3.3571,2.421,36,21.18,23.9,True,True,True,False,True,False
5316,D_allsky_relaxed,17.15,11,12,23,0.1399,176.512,23.0493,178.8436,24.8803,177.6778,23.9648,2.809,62,27.2,29.48,True,True,True,False,True,False
5569,D_allsky_relaxed,16.57,10,13,23,0.1044,137.3554,28.9027,133.7153,28.4334,135.5354,28.668,3.228,37,12.47,14.7,True,True,True,False,True,False
9441,D_allsky_relaxed,15.61,10,13,23,0.1047,229.82,2.3251,230.4739,3.8563,230.1469,3.0907,1.665,26,15.55,20.44,True,True,True,False,True,False
12607,D_allsky_relaxed,18.53,11,12,23,0.1119,220.3049,23.8252,218.6055,26.9058,219.4552,25.3655,3.442,50,14.17,15.46,True,True,True,False,True,False
280,D_allsky_relaxed,18.14,11,11,22,0.1437,123.6002,19.8733,122.2009,22.4674,122.9005,21.1703,2.904,40,21.25,21.25,True,True,True,False,True,False
1721,D_allsky_relaxed,15.07,10,12,22,0.1245,144.4956,28.3525,145.3145,29.5937,144.905,28.9731,1.433,43,13.75,20.3,True,True,True,False,True,False
2552,D_allsky_relaxed,15.09,10,12,22,0.1285,125.6674,57.5884,127.5118,59.1746,126.5896,58.3815,1.858,46,17.0,19.03,True,True,True,False,True,False
2682,D_allsky_relaxed,17.71,10,12,22,0.1075,167.2749,63.4419,170.156,63.1364,168.7154,63.2892,1.331,23,12.72,15.72,True,True,True,False,True,False
3581,D_allsky_relaxed,15.68,10,12,22,0.137,250.561,33.1452,253.8853,33.2598,252.2231,33.2025,2.784,40,19.48,22.35,True,True,True,False,True,False
3823,D_allsky_relaxed,15.09,10,12,22,0.1114,235.8107,1.9596,234.888,4.0791,235.3493,3.0193,2.311,56,12.34,14.99,True,True,True,False,True,False
4501,D_allsky_relaxed,19.16,11,11,22,0.1087,210.0586,63.6096,204.2017,62.4449,207.1302,63.0273,2.901,43,13.86,13.86,True,True,True,False,True,False
5330,D_allsky_relaxed,15.6,11,11,22,0.1388,151.2105,54.928,148.9396,56.249,150.075,55.5885,1.842,32,15.74,15.74,True,True,True,False,True,False
9329,D_allsky_relaxed,16.65,11,11,22,0.1298,231.6665,18.6734,234.4479,18.1523,233.0572,18.4129,2.69,64,15.59,15.59,True,True,True,False,True,False
967,D_allsky_relaxed,17.08,10,11,21,0.1274,134.1528,1.8303,135.2527,3.8782,134.7028,2.8543,2.324,53,18.11,19.34,True,True,True,False,True,False
1272,D_allsky_relaxed,17.12,10,11,21,0.1007,241.0438,8.1289,244.5478,10.2284,242.7958,9.1786,4.046,56,16.18,17.0,True,True,True,False,True,False
2526,D_allsky_relaxed,18.18,10,11,21,0.1434,166.6812,25.6531,164.7182,25.0031,165.6997,25.3281,1.89,53,20.99,22.64,True,True,True,False,True,False
3202,D_allsky_relaxed,17.55,10,11,21,0.1127,169.4417,52.702,169.5645,54.6305,169.5031,53.6662,1.93,21,12.52,14.43,True,True,True,False,True,False
3317,D_allsky_relaxed,15.59,10,11,21,0.1033,137.7427,14.2438,134.8712,14.7319,136.3069,14.4879,2.823,50,11.36,12.19,True,True,True,False,True,False
3338,D_allsky_relaxed,21.6,10,11,21,0.1532,169.2987,0.7248,170.152,4.0299,169.7253,2.3773,3.413,74,27.53,29.25,True,True,True,False,True,False
4478,D_allsky_relaxed,15.17,10,11,21,0.1266,233.4517,7.3941,234.4215,8.9873,233.9366,8.1907,1.86,61,18.43,19.46,True,True,True,False,True,False
9448,D_allsky_relaxed,16.62,10,11,21,0.103,170.7547,53.7952,174.7738,55.3218,172.7643,54.5585,2.786,28,12.98,14.09,True,True,True,False,True,False
1742,D_allsky_relaxed,18.15,10,10,20,0.128,165.5706,9.7885,163.3996,10.3055,164.4851,10.047,2.199,49,16.28,16.28,True,True,True,False,True,False
1928,D_allsky_relaxed,19.78,10,10,20,0.1258,199.499,45.5588,198.21,48.6274,198.8545,47.0931,3.192,29,18.25,18.25,True,True,True,False,True,False
2061,D_allsky_relaxed,20.1,10,10,20,0.1511,155.7787,36.987,155.3571,36.5423,155.5679,36.7646,0.558,36,20.05,20.05,True,True,True,False,True,False
2574,D_allsky_relaxed,15.57,10,10,20,0.1262,143.2311,53.7557,141.1754,55.734,142.2032,54.7449,2.307,89,17.91,17.91,True,True,True,False,True,False
5171,D_allsky_relaxed,15.07,10,10,20,0.138,166.4863,66.0182,166.9097,67.0472,166.698,66.5327,1.043,28,16.88,16.88,True,True,True,False,True,False
5478,D_allsky_relaxed,18.68,10,10,20,0.11,134.5182,34.2199,131.2754,32.9158,132.8968,33.5679,3.0,60,16.23,16.23,True,True,True,False,True,False
8832,D_allsky_relaxed,15.04,10,10,20,0.1201,154.9988,48.275,152.0594,50.1926,153.5291,49.2338,2.713,48,15.06,15.06,True,True,True,False,True,False
